TOR_Code,Category,Topic,Data Source,MEMBER_ID,Characteristic,City of Toronto,Agincourt North(129),Agincourt South-Malvern West(128),Alderwood(20),Annex(95),Banbury-Don Mills(42),Bathurst Manor(34),Bay Street Corridor(76),Bayview Village(52),Bayview Woods-Steeles(49),Bedford Park-Nortown(39),Beechborough-Greenbrook(112),Bendale(127),Birchcliffe-Cliffside(122),Black Creek(24),Blake-Jones(69),Briar Hill-Belgravia(108),Bridle Path-Sunnybrook-York Mills(41),Broadview North(57),Brookhaven-Amesbury(30),Cabbagetown-South St. James Town(71),Caledonia-Fairbank(109),Casa Loma(96),Centennial Scarborough(133),Church-Yonge Corridor(75),Clairlea-Birchmount(120),Clanton Park(33),Cliffcrest(123),Corso Italia-Davenport(92),Danforth(66),Danforth East York(59),Don Valley Village(47),Dorset Park(126),Dovercourt-Wallace Emerson-Junction(93),Downsview-Roding-CFB(26),Dufferin Grove(83),East End-Danforth(62),Edenbridge-Humber Valley(9),Eglinton East(138),Elms-Old Rexdale(5),Englemount-Lawrence(32),Eringate-Centennial-West Deane(11),Etobicoke West Mall(13),Flemingdon Park(44),Forest Hill North(102),Forest Hill South(101),Glenfield-Jane Heights(25),Greenwood-Coxwell(65),Guildwood(140),Henry Farm(53),High Park North(88),High Park-Swansea(87),Highland Creek(134),Hillcrest Village(48),Humber Heights-Westmount(8),Humber Summit(21),Humbermede(22),Humewood-Cedarvale(106),Ionview(125),Islington-City Centre West(14),Junction Area(90),Keelesdale-Eglinton West(110),Kennedy Park(124),Kensington-Chinatown(78),Kingsview Village-The Westway(6),Kingsway South(15),Lambton Baby Point(114),L'Amoreaux(117),Lansing-Westgate(38),Lawrence Park North(105),Lawrence Park South(103),Leaside-Bennington(56),Little Portugal(84),Long Branch(19),Malvern(132),Maple Leaf(29),Markland Wood(12),Milliken(130),Mimico (includes Humber Bay Shores)(17),Morningside(135),Moss Park(73),Mount Dennis(115),Mount Olive-Silverstone-Jamestown(2),Mount Pleasant East(99),Mount Pleasant West(104),New Toronto(18),Newtonbrook East(50),Newtonbrook West(36),Niagara(82),North Riverdale(68),North St. James Town(74),Oakridge(121),Oakwood Village(107),O'Connor-Parkview(54),Old East York(58),Palmerston-Little Italy(80),Parkwoods-Donalda(45),Pelmo Park-Humberlea(23),Playter Estates-Danforth(67),Pleasant View(46),Princess-Rosethorn(10),Regent Park(72),Rexdale-Kipling(4),Rockcliffe-Smythe(111),Roncesvalles(86),Rosedale-Moore Park(98),Rouge(131),Runnymede-Bloor West Village(89),Rustic(28),Scarborough Village(139),South Parkdale(85),South Riverdale(70),St.Andrew-Windfields(40),Steeles(116),Stonegate-Queensway(16),Tam O'Shanter-Sullivan(118),Taylor-Massey(61),The Beaches(63),Thistletown-Beaumond Heights(3),Thorncliffe Park(55),Trinity-Bellwoods(81),University(79),Victoria Village(43),Waterfront Communities-The Island(77),West Hill(136),West Humber-Clairville(1),Westminster-Branson(35),Weston(113),Weston-Pelham Park(91),Wexford/Maryvale(119),Willowdale East(51),Willowdale West(37),Willowridge-Martingrove-Richview(7),Woburn(137),Woodbine Corridor(64),Woodbine-Lumsden(60),Wychwood(94),Yonge-Eglinton(100),Yonge-St.Clair(97),York University Heights(27),Yorkdale-Glen Park(31)
,,Neighbourhood Number,TORONTO,Neighbourhood Number,Neighbourhood Number,,129,128,20,95,42,34,76,52,49,39,112,127,122,24,69,108,41,57,30,71,109,96,133,75,120,33,123,92,66,59,47,126,93,26,83,62,9,138,5,32,11,13,44,102,101,25,65,140,53,88,87,134,48,8,21,22,106,125,14,90,110,124,78,6,15,114,117,38,105,103,56,84,19,132,29,12,130,includes Humber Bay Shores17,135,73,115,2,99,104,18,50,36,82,68,74,121,107,54,58,80,45,23,67,46,10,72,4,111,86,98,131,89,28,139,85,70,40,116,16,118,61,63,3,55,81,79,43,77,136,1,35,113,91,119,51,37,7,137,64,60,94,100,97,27,31
3,Population,Population and dwellings,Census Profile 98-316-X2016001,1,Population 2016,2731571,29113,23757,12054,30526,27695,15873,25797,21396,13154,23236,6577,29960,22291,21737,7727,14257,9266,11499,17757,11669,9955,10968,13362,31340,26984,16472,15935,14133,9666,17180,27051,25003,36625,35052,11785,21381,15535,22776,9456,22372,18588,11848,21933,12806,10732,30491,14417,9917,15723,22162,23925,12494,16934,10948,12416,15545,14365,13641,43965,14366,11058,17123,17945,22000,9271,7985,43993,16164,14607,15179,16828,15559,10084,43794,10111,10554,26572,33964,17455,20506,13593,32954,16775,29658,11463,16097,23831,31180,11916,18615,13845,21210,18675,9233,13826,34805,10722,7804,15818,11051,10803,10529,22246,14974,20923,46496,10070,9941,16724,21849,27876,17812,24623,25051,27446,15683,21567,10360,21108,16556,7607,17510,65913,27392,33312,26274,17992,11098,27917,50434,16936,22156,53485,12541,7865,14349,11817,12528,27593,14804
128,Language,Knowledge of official languages,Census Profile 98-316-X2016001,100,Knowledge of official languages for the total population excluding institutional residents,2704415,28850,23730,12030,29880,27480,15635,25740,21250,12745,23210,6370,29505,21870,21560,7685,14215,9240,11380,17720,11285,9910,10865,13345,30920,26310,16425,15860,14095,9605,17105,26840,24390,36365,35030,11740,21090,15200,22575,9450,22060,18530,11480,21935,12670,10725,30255,14380,9655,15725,22105,23455,12485,16925,10360,12410,15545,14235,13615,43425,14095,11040,17105,17590,21990,9270,7980,43970,16160,14610,15180,16690,15440,10085,43775,10025,10450,26265,33385,17155,18860,13270,32830,16775,29270,11315,15555,23640,30575,11695,18405,13635,20980,18645,9220,13800,34790,10720,7755,15805,11050,10690,10355,22250,14900,20895,46090,10065,9760,16570,20905,27385,17785,24300,24955,27050,15495,21525,10120,20855,16300,7070,17195,65780,26990,33000,26095,17730,11095,27640,50285,16895,22145,53310,12450,7845,13345,11805,12530,27595,14055
132,Language,Knowledge of official languages,Census Profile 98-316-X2016001,104,Neither English nor French,132765,5945,3430,295,420,760,705,700,955,780,240,330,1510,305,1710,450,755,190,310,955,265,865,70,170,405,985,405,325,1170,440,650,1550,1300,2885,2070,810,410,380,730,300,510,430,435,1595,145,85,2680,775,85,835,390,265,290,1580,335,1000,1075,195,435,1350,385,995,640,2360,850,35,105,5965,370,130,80,60,1170,170,2105,625,200,7065,960,485,385,615,2515,140,470,280,1160,1395,450,410,515,620,1290,545,210,700,1005,495,140,1270,165,640,320,1350,640,90,1505,100,520,525,805,2220,660,5625,535,2655,545,45,550,1360,1975,225,725,950,600,1485,1515,665,970,975,3220,995,635,2575,295,220,650,100,90,1400,850
133,Language,First official language spoken,Census Profile 98-316-X2016001,105,First official language spoken for the total population excluding institutional residents,2704420,28850,23730,12030,29875,27480,15630,25735,21250,12740,23215,6370,29505,21870,21570,7685,14220,9240,11380,17720,11290,9905,10865,13345,30915,26310,16420,15860,14105,9605,17100,26835,24395,36365,35030,11735,21090,15200,22575,9450,22055,18525,11475,21935,12680,10725,30255,14390,9655,15720,22105,23450,12475,16920,10360,12405,15540,14235,13615,43420,14095,11050,17105,17585,21990,9265,7985,43955,16165,14605,15180,16685,15440,10085,43770,10025,10455,26265,33385,17160,18865,13260,32830,16770,29285,11310,15560,23640,30585,11705,18405,13635,20980,18655,9225,13810,34795,10720,7755,15815,11045,10685,10360,22250,14900,20895,46080,10065,9760,16565,20900,27370,17785,24310,24955,27060,15500,21535,10120,20855,16300,7070,17195,65780,26985,33000,26095,17725,11095,27630,50285,16890,22140,53310,12445,7850,13345,11810,12525,27590,14055
138,Language,First official language spoken,Census Profile 98-316-X2016001,109,Neither English nor French,130940,5890,3395,290,415,740,700,700,935,760,240,330,1485,300,1680,450,750,175,310,930,265,865,70,160,390,970,405,310,1160,435,635,1525,1255,2855,2040,800,395,360,725,295,490,425,430,1580,140,85,2650,775,80,820,385,265,285,1560,325,990,1065,190,430,1325,385,990,625,2345,835,35,105,5905,360,130,85,55,1165,170,2035,625,200,6990,950,480,380,610,2455,130,460,280,1155,1375,445,410,510,605,1285,535,205,695,980,490,140,1255,165,630,320,1325,640,90,1495,100,515,520,800,2190,645,5575,530,2620,530,45,545,1335,1955,230,720,930,575,1445,1495,650,945,945,3170,980,620,2530,290,220,640,100,85,1370,845
140,Language,Mother tongue,Census Profile 98-316-X2016001,112,Mother tongue for the total population excluding institutional residents,2704415,28845,23740,12035,29880,27480,15630,25740,21255,12740,23215,6375,29510,21870,21560,7685,14215,9240,11380,17720,11285,9905,10870,13345,30915,26320,16420,15865,14110,9605,17105,26850,24395,36355,35025,11740,21095,15195,22575,9450,22065,18525,11470,21930,12675,10730,30250,14385,9660,15725,22105,23455,12475,16920,10365,12415,15540,14235,13610,43420,14090,11040,17105,17585,21990,9275,7985,43960,16160,14605,15185,16690,15440,10085,43780,10025,10460,26270,33380,17170,18865,13265,32825,16765,29285,11310,15565,23640,30580,11700,18405,13635,20975,18655,9225,13815,34785,10720,7755,15805,11045,10690,10360,22250,14895,20900,46085,10070,9760,16560,20910,27385,17790,24305,24950,27060,15495,21530,10120,20850,16300,7070,17195,65790,26985,32995,26095,17725,11100,27625,50290,16890,22150,53310,12445,7845,13345,11810,12530,27590,14050
145,Language,Mother tongue,Census Profile 98-316-X2016001,117,Non-official languages,1186885,20570,15505,4205,7755,12060,8140,13725,12920,7590,5520,2610,15565,4445,10015,2300,7910,2830,4535,8575,2700,5455,2180,3640,11000,11900,6885,4905,6855,2845,5455,17155,13120,15230,18115,4550,4645,6370,10025,4060,8175,8060,5575,14025,4385,2315,15010,4145,2190,9795,7520,6715,5220,11355,5230,7175,8365,3920,6235,19890,4370,6305,7885,8565,10925,1930,2255,28075,7205,2905,2650,2685,5315,3125,20120,5570,4175,19965,12675,7060,5740,5610,17970,3710,10525,3530,10880,15840,8375,2520,9450,7040,9110,6560,3065,4055,15245,5035,1650,10250,3650,5265,4200,10635,4090,4215,19390,2250,4490,7250,8020,8305,8525,18790,9315,16015,8160,2460,5150,14190,6555,2360,7950,22100,8895,16280,17180,6580,5300,12320,34475,10390,9530,27315,2355,2120,4250,2780,2755,14605,7390
1077,Income,Income of economic families in 2015,Census Profile 98-316-X2016001,663,Median total income of economic families in 2015 ($),82859,,,,,,,,,,,,,,,,,,,,,,,,,,,,,,,,,,,,,,,,,,,,,,,,,,,,,,,,,,,,,,,,,,,,,,,,,,,,,,,,,,,,,,,,,,,,,,,,,,,,,,,,,,,,,,,,,,,,,,,,,,,,,,,,,,,,,,,,,,,,
1093,Income,Income of economic families in 2015,Census Profile 98-316-X2016001,674,Average total income of economic families in 2015 ($),127312,,,,,,,,,,,,,,,,,,,,,,,,,,,,,,,,,,,,,,,,,,,,,,,,,,,,,,,,,,,,,,,,,,,,,,,,,,,,,,,,,,,,,,,,,,,,,,,,,,,,,,,,,,,,,,,,,,,,,,,,,,,,,,,,,,,,,,,,,,,,
1108,Income,Income of economic families in 2015,Census Profile 98-316-X2016001,834,Total - Economic family income decile group for the population in private households - 100% data,2691665,28825,23475,12030,28650,27005,15580,25600,21135,12655,23110,6375,29105,21685,21565,7685,14215,9185,11335,17710,10995,9910,10790,13340,30305,26305,16420,15810,14080,9595,17075,26825,24385,36295,34940,11710,21015,15190,22250,9450,21885,18525,11465,21910,12670,10620,30210,14380,9650,15715,21815,23355,12465,16915,10120,12410,15535,14225,13605,43230,14080,11045,17105,17465,21980,9165,7980,43485,16060,14555,15100,16645,15055,10065,43760,9865,10455,26055,33315,17160,18460,13265,32825,16760,28925,11285,15530,23625,30435,11675,18355,13605,20965,18505,9210,13765,34725,10720,7645,15805,11045,10675,10360,22235,14870,20615,46060,10065,9755,16440,20655,27045,17675,24265,24895,27035,15485,21430,10120,20840,16225,6680,17180,65620,26970,32895,26065,17695,11090,27545,50255,16725,22150,53005,12430,7850,13200,11810,12370,27570,14020
1110,Income,Income of economic families in 2015,Census Profile 98-316-X2016001,836,In the bottom decile,404560,4195,3905,725,4810,2600,1825,8820,4005,1760,1600,1200,4795,2405,4670,1365,1785,695,1765,2930,1840,1035,1085,605,7050,3605,1765,1860,1620,1045,1550,4740,3435,5280,4685,1730,2945,1080,3740,1480,3275,1150,1435,4905,1410,895,5190,2165,565,3680,2880,2085,1055,2825,900,1600,2395,1760,2190,4895,1610,1335,3275,5345,3595,350,1055,7330,2265,770,930,885,2135,1340,5570,965,575,4710,4490,2885,4850,2470,5835,1310,4730,2100,3510,4955,3540,1000,5340,4000,2770,3140,865,2055,4910,875,790,2225,550,3230,1345,3435,2405,1750,2895,515,2040,3585,4720,4060,2145,4170,2075,4400,3735,1515,1240,6130,2460,1610,2915,9465,4750,3900,4590,3745,1740,3630,12600,3620,2005,9965,1490,890,1685,1185,1340,5410,1630
1120,Income,Income of economic families in 2015,Census Profile 98-316-X2016001,846,In the top decile,344855,1305,1125,1345,7995,6395,1870,3600,3215,2055,10315,215,1200,3445,135,1160,635,5585,1180,475,2210,315,4305,2570,4245,1325,2640,1800,1185,1805,2415,2020,600,2800,1325,1035,3400,4455,520,220,2745,2255,665,525,3630,4910,410,1735,1485,960,3975,6140,1605,1840,1170,355,285,3380,235,6195,1725,350,440,1320,1255,4790,2230,2125,4070,6955,8385,7965,1570,1095,735,710,2145,1155,4820,785,2980,200,400,6070,4280,910,1910,1715,6050,3555,730,235,1640,1950,1500,2250,3365,675,2185,1125,4440,580,395,680,2325,9760,3690,3010,405,695,995,4980,5980,1425,5860,1570,340,7605,425,445,2385,1145,950,14135,1060,1005,1240,645,380,1250,6425,2460,2370,1650,2165,915,2080,3770,4220,700,1130
1293,Immigration and citizenship,Generation status,Census Profile 98-316-X2016001,1278,Total - Generation status for the population in private households - 25% sample data,2691665,28810,23475,12030,28645,26995,15575,25605,21140,12660,23110,6370,29095,21685,21555,7685,14215,9185,11325,17710,10985,9905,10880,13340,30300,26295,16425,15805,14100,9595,17085,26830,24375,36205,35010,11705,21010,15190,22255,9445,21885,18530,11470,21915,12665,10605,30205,14380,9650,15705,21810,23345,12470,16910,10110,12415,15530,14230,13610,43235,14085,11045,17105,17460,21980,9165,7980,43500,16070,14560,15115,16645,15060,10060,43770,9860,10450,26060,33320,17145,18465,13260,32830,16760,28920,11290,15535,23630,30440,11675,18345,13605,20965,18500,9205,13770,34720,10710,7640,15805,11040,10675,10360,22245,14875,20610,46070,10065,9745,16440,20660,27050,17675,24270,24890,27035,15485,21450,10120,20840,16225,6670,17175,65610,26965,32885,26120,17685,11090,27545,50255,16665,22145,53010,12435,7845,13255,11800,12300,27565,14030
1294,Immigration and citizenship,Generation status,Census Profile 98-316-X2016001,1279,First generation,1377465,21040,16430,4105,10045,13840,8505,15910,13965,7975,7610,3700,17570,6370,13485,2565,9010,3440,5155,10210,4140,5675,3365,5085,13920,13760,8095,6055,6590,3155,5915,19250,15150,15950,20570,5020,6360,6235,13590,4880,10735,8400,6095,15010,5515,3215,18630,4800,3240,11595,8675,7330,7295,12000,4800,7595,9855,5280,8400,21025,4830,6615,9800,9060,11975,2155,2560,29920,8195,3665,3670,3680,5540,3730,27995,5550,4000,19325,14580,9990,7415,7760,22555,5040,13215,4370,11120,17240,10525,3195,11035,7985,10845,7415,3150,4750,18245,5050,2020,10610,3560,5360,5125,11565,4955,6510,26270,2615,5290,9450,9775,9045,9460,18520,9135,17855,9520,4855,5665,14355,6570,2740,9555,29120,13780,20690,19155,9270,5715,14470,36425,10735,10460,32515,3290,2390,4870,3945,4140,17475,7710
1295,Immigration and citizenship,Generation status,Census Profile 98-316-X2016001,1280,Second generation,740175,6705,5705,3630,7925,7640,4510,5365,4660,3145,6985,1990,7450,5885,6760,2335,3515,2455,3195,5760,2570,3000,3170,4075,7015,6970,4995,4165,4420,2805,5100,5535,6495,11140,10655,3535,5775,4615,5835,3200,7575,5390,3250,5705,3325,3055,10085,4060,2805,2805,5995,7320,3765,3775,3365,3930,4630,3815,3335,12620,4420,3445,4485,4340,7145,2775,2460,10315,3935,4285,4050,4655,4785,2705,12905,3110,3145,6180,8870,4675,4875,4065,9095,4920,6855,3040,3075,4370,9625,3510,3990,3555,5970,5165,2820,4130,9340,3885,2055,3670,3740,3220,3035,7125,4575,5150,14705,3125,3560,4445,5130,7900,4775,5080,7675,6415,3370,6420,3235,5015,4705,1775,4480,17670,7610,9530,5070,5490,3575,7730,9535,3535,7065,14140,3600,2255,4075,3070,3145,7695,4625
1288,Immigration and citizenship,Generation status,Census Profile 98-316-X2016001,1281,Third generation or more,574025,1075,1335,4295,10675,5525,2565,4325,2510,1535,8520,680,4080,9425,1320,2785,1680,3290,2980,1735,4285,1245,4345,4180,9375,5565,3330,5575,3085,3650,6070,2050,2735,9125,3755,3155,8885,4345,2815,1375,3580,4735,2120,1200,3830,4320,1490,5525,3605,1305,7135,8705,1420,1130,1930,890,1050,5125,1865,9580,4820,970,2815,4050,2860,4240,2960,3270,3930,6615,7390,8305,4725,3620,2880,1200,3300,560,9865,2485,6170,1430,1185,6800,8855,3875,1345,2030,10275,4980,3335,2060,4145,5925,3260,4880,7130,1775,3570,1525,3745,2100,2200,3530,5340,8950,5085,4325,905,2530,5745,10085,3455,665,8090,2755,2595,10165,1220,1460,4950,2165,3130,18820,5570,2685,1910,2935,1800,5350,4290,2395,4615,6360,5535,3200,4315,4790,5000,2410,1690
1336,Visible minority,Visible minority population,Census Profile 98-316-X2016001,1323,Total - Visible minority for the population in private households - 25% sample data,2691665,28825,23470,12025,28640,26995,15580,25605,21140,12655,23115,6370,29100,21695,21565,7685,14205,9185,11330,17705,10990,9905,10885,13340,30305,26295,16420,15805,14100,9595,17080,26825,24380,36210,35010,11710,21010,15190,22265,9445,21880,18525,11465,21915,12670,10600,30210,14380,9650,15715,21815,23355,12465,16915,10115,12405,15535,14225,13610,43225,14085,11045,17100,17455,21980,9165,7985,43500,16065,14560,15110,16635,15055,10070,43765,9865,10455,26060,33310,17150,18460,13260,32830,16760,28920,11290,15530,23620,30440,11680,18355,13610,20960,18500,9210,13760,34730,10720,7640,15805,11045,10675,10360,22235,14870,20610,46060,10070,9755,16430,20655,27045,17675,24265,24900,27030,15485,21445,10125,20845,16230,6675,17185,65620,26960,32890,26120,17685,11085,27545,50255,16670,22150,53005,12435,7850,13250,11805,12300,27570,14030
1337,Visible minority,Visible minority population,Census Profile 98-316-X2016001,1324,Total visible minority population,1385855,26365,20155,2490,7270,12700,5420,15925,14505,8250,4845,3760,21075,5740,17435,2960,6500,2765,3135,11630,3170,3585,1870,5810,12440,16110,6305,6570,3545,2480,5090,19025,18940,12275,20070,3630,6475,3230,17375,6365,8855,5130,4520,17220,3570,1775,23155,5625,2870,12030,5185,4465,9290,12785,2745,8140,11970,4095,9950,16035,4160,4700,11885,10520,13130,1100,1950,33540,6930,3110,2560,2935,4265,2305,39195,4300,1395,25165,10395,12865,7860,9005,28455,3825,9730,3615,11215,13825,10665,2815,12270,10250,9045,6975,2470,2950,19075,4675,1560,10155,2105,7470,5365,10225,3795,3740,37315,1600,5810,12065,9920,11225,8940,22075,4595,20325,10355,2980,6510,16495,4820,2205,10155,28895,17075,26945,11715,10755,4210,15285,37715,9630,8870,40510,3380,2435,3635,3155,2555,19135,6340
1338,Visible minority,Visible minority population,Census Profile 98-316-X2016001,1325,South Asian,338965,5315,4190,540,1125,2825,550,2420,1360,670,455,330,8305,1405,2110,445,410,375,630,1190,525,230,360,2475,2510,6140,400,3000,325,705,1030,2890,7245,2105,1380,665,1700,390,6490,840,365,1275,1165,7650,170,245,2150,1070,815,3365,950,800,4515,1525,325,3590,3275,320,3730,3525,525,915,4165,760,3630,205,270,7240,1005,355,315,450,445,330,17465,985,230,3080,1865,5155,1315,510,11095,680,1895,590,745,1025,2210,405,3770,4800,625,1730,295,395,3610,750,240,1310,590,2770,1420,990,835,605,20175,245,420,5520,1830,1170,1075,1560,925,4690,5975,645,2555,9845,280,395,2985,6735,5060,13920,720,765,410,4195,3375,860,2340,21545,610,345,255,445,560,4180,865
1339,Visible minority,Visible minority population,Census Profile 98-316-X2016001,1326,Chinese,299465,16460,11110,275,2145,4630,655,7435,5860,4360,1030,110,4400,1190,765,950,260,1410,470,450,720,235,420,710,3835,2120,500,765,445,820,1530,6960,2745,2825,780,845,1325,370,895,105,390,790,335,1015,265,460,1170,2090,275,3080,830,740,955,8225,100,135,375,295,600,1875,885,160,1035,6075,410,300,175,16165,1740,1195,865,1025,1435,200,3275,140,260,18715,1635,880,1435,310,285,990,1515,340,4830,2650,2260,1230,890,705,880,635,745,1135,2875,230,505,5630,500,1350,165,465,560,1150,2100,365,135,390,680,5800,3845,17755,565,8665,675,615,110,435,3225,835,730,9020,685,470,775,335,285,1910,16980,3655,515,3715,1025,730,805,980,575,1500,850
1340,Visible minority,Visible minority population,Census Profile 98-316-X2016001,1327,Black,239850,1340,1545,300,935,970,550,775,755,530,315,2070,1910,890,6315,950,1170,115,565,4770,510,860,280,945,1465,2670,560,990,655,340,700,1285,2205,2110,5455,595,1285,795,4130,2930,2305,975,790,2130,500,205,7360,940,625,810,755,855,1550,620,1150,1835,3440,710,1705,3055,550,1195,2130,880,5340,80,835,3625,405,220,240,280,640,470,8295,790,180,1070,1730,3065,2590,4360,8390,470,1185,1250,205,485,1635,330,2115,2500,2720,1865,265,330,3910,1200,190,745,160,1465,1470,3400,770,395,6525,215,3455,3330,2105,1380,660,595,585,1860,1535,345,1645,1115,320,180,2075,3650,5835,6260,1050,6045,1255,2055,1135,220,2960,5835,775,475,865,295,235,5205,1460
1341,Visible minority,Visible minority population,Census Profile 98-316-X2016001,1328,Filipino,152715,1420,1280,615,350,1135,1950,380,765,175,1790,395,2885,830,920,55,3035,50,500,1250,485,890,85,785,755,3140,3315,775,370,90,440,2170,3430,610,4535,170,685,200,2970,465,3950,445,635,2270,1595,335,1515,300,490,1200,380,325,805,305,170,345,880,1435,2400,1675,615,760,2590,445,685,110,170,2495,1045,260,295,225,190,410,4830,1200,100,1015,1145,1865,425,860,815,405,1055,405,465,4355,780,135,2800,675,1910,1120,430,95,2435,485,90,610,90,305,515,785,300,210,4095,145,355,950,1505,565,395,595,510,2145,670,230,305,1505,140,140,1240,1380,2330,1615,5990,590,315,3405,845,265,645,4090,235,290,440,290,230,2645,1110
1148,Visible minority,Visible minority population,Census Profile 98-316-X2016001,1329,Latin American,77165,170,230,180,405,350,575,460,410,150,345,335,530,225,1780,80,920,65,250,1880,260,825,225,115,695,375,255,135,1135,85,300,550,270,1510,3605,490,275,675,400,765,550,400,445,390,420,140,3680,205,120,365,690,475,205,220,485,895,1830,530,225,1330,490,910,250,315,980,55,150,415,240,100,110,140,455,255,770,645,135,35,985,345,395,1380,1085,285,950,290,165,360,1005,130,615,145,1325,340,110,240,1025,820,125,145,165,285,850,2200,290,270,495,120,735,280,515,310,305,30,400,360,215,215,660,305,190,120,430,1405,555,1300,450,1390,780,600,825,190,935,745,140,155,445,220,160,1765,710
1342,Visible minority,Visible minority population,Census Profile 98-316-X2016001,1330,Arab,36030,275,300,90,300,550,155,1310,355,130,90,70,335,105,705,45,45,40,125,50,110,0,65,175,625,160,155,80,45,25,95,885,810,180,255,90,145,100,240,40,90,145,170,370,65,40,345,80,30,805,225,150,85,180,50,205,155,115,235,680,30,25,165,300,275,20,40,990,185,20,30,75,55,55,365,35,45,165,340,135,260,75,2650,60,410,95,150,105,490,10,395,125,110,155,30,55,1515,55,40,405,20,250,110,145,60,155,395,20,45,140,165,160,185,515,110,570,115,90,380,685,65,40,1070,1440,115,240,270,120,80,1185,1320,190,135,610,40,45,95,105,125,280,50
1343,Visible minority,Visible minority population,Census Profile 98-316-X2016001,1331,Southeast Asian,41650,260,155,55,190,110,150,340,200,135,75,215,310,265,2595,90,170,45,85,1095,125,160,55,55,320,250,210,60,95,65,140,190,265,1000,2065,235,95,55,195,370,215,110,155,230,20,75,3985,190,70,115,185,240,85,90,25,440,1085,80,135,490,395,335,240,585,270,25,35,280,90,115,45,85,325,125,200,270,50,240,405,210,340,655,590,50,115,105,110,185,365,105,270,125,385,100,190,85,195,705,60,125,75,390,170,1285,315,45,295,50,260,70,680,650,70,170,275,165,175,160,120,95,165,80,95,675,215,490,120,550,495,215,385,170,110,315,75,55,165,75,50,1375,535
1344,Visible minority,Visible minority population,Census Profile 98-316-X2016001,1332,West Asian,60320,125,375,20,340,755,270,615,2440,1015,305,10,815,95,620,145,40,325,140,130,50,10,65,100,500,185,165,165,80,30,155,2450,795,210,510,45,155,55,555,285,180,125,290,2190,165,90,425,85,45,1255,220,85,100,650,60,255,145,55,175,530,35,75,175,195,535,40,55,790,975,185,245,160,85,105,650,10,50,130,335,270,280,95,1415,245,1125,30,2320,1875,365,30,380,600,145,435,100,75,1600,45,25,480,85,175,215,85,30,235,535,25,30,570,145,130,1120,110,175,425,260,55,250,1795,50,40,720,1300,510,300,850,145,30,535,5985,1730,150,1320,30,30,55,215,190,605,50
1345,Visible minority,Visible minority population,Census Profile 98-316-X2016001,1333,Korean,41640,70,140,65,605,560,305,1340,1655,710,195,15,205,30,40,15,130,185,70,50,95,30,110,40,665,110,175,55,65,65,140,835,25,435,130,120,190,270,40,105,175,390,295,250,115,45,10,85,45,445,380,270,130,650,135,45,65,150,35,1620,70,20,50,330,210,135,50,195,875,300,125,200,180,15,75,45,245,0,515,65,175,155,70,240,745,50,1920,2210,475,25,325,30,120,100,55,200,580,30,40,250,220,75,10,55,70,300,65,115,0,20,100,165,820,120,230,255,160,115,40,130,65,165,160,1055,80,60,925,75,10,190,5255,1930,410,210,50,65,135,250,135,390,55
1346,Visible minority,Visible minority population,Census Profile 98-316-X2016001,1334,Japanese,13415,60,40,35,255,210,35,335,180,70,65,0,155,195,30,35,70,55,70,10,35,10,80,85,235,180,50,90,60,90,260,135,65,245,50,60,165,100,65,15,25,100,30,45,55,35,10,125,100,50,175,150,35,60,0,0,35,120,10,195,115,40,75,220,35,45,10,145,70,135,60,75,120,20,30,20,40,35,200,65,105,45,10,145,240,65,70,100,180,140,85,25,125,145,65,125,225,20,130,110,55,30,35,90,95,135,105,135,0,20,60,175,145,60,150,175,55,110,15,20,80,105,75,555,55,60,105,65,30,70,665,145,90,100,100,70,60,115,115,30,40
1349,Visible minority,Visible minority population,Census Profile 98-316-X2016001,1337,Not a visible minority,1305815,2465,3320,9535,21380,14290,10165,9675,6635,4405,18270,2610,8020,15940,4125,4725,7710,6415,8200,6075,7815,6320,9025,7525,17880,10185,10115,9235,10570,7110,11985,7795,5440,23935,14945,8080,14535,11980,4880,3085,13030,13395,6950,4695,9100,8820,7065,8755,6785,3680,16640,18885,3185,4130,7365,4265,3565,10125,3660,27195,9925,6350,5215,6940,8835,8060,6030,9945,9140,11455,12560,13710,10790,7760,4580,5565,9060,900,22915,4290,10595,4255,4375,12930,19200,7675,4320,9805,19765,8875,6075,3365,11910,11520,6750,10810,15655,6035,6085,5660,8945,3205,4990,12000,11080,16880,8750,8465,3945,4370,10730,15815,8735,2200,20310,6705,5125,18465,3615,4345,11410,4470,7035,36715,9885,5940,14410,6925,6885,12270,12545,7040,13270,12495,9050,5415,9605,8650,9740,8430,7695
1933,Labour,Industry - North American Industry Classification System (NAICS) 2012,Census Profile 98-316-X2016001,1897,Total Labour Force population aged 15 years and over by Industry - North American Industry Classification System (NAICS) 2012 - 25% sample data,1483680,13855,12045,6825,18555,14030,8620,14995,11885,6215,11845,3125,14280,11995,9300,4085,8355,4515,6580,9110,7270,5545,6475,7185,21850,14200,9275,8205,8310,5440,9415,13865,12720,22325,18045,7560,12110,8430,10690,4635,10760,10100,6415,9905,7525,6105,13445,8250,4970,8605,13705,14525,6655,7930,5120,5755,7640,8890,6905,25670,8885,5645,8510,10110,10260,4785,4200,21140,9195,7945,8360,9140,10650,6160,22265,5150,5455,12185,21160,8770,12330,6895,14755,9720,19785,6460,8080,12440,24600,7160,10840,6150,11720,9575,5120,9275,18250,5875,4680,8125,5890,5660,5480,11215,9020,11510,24635,5830,4100,7540,13135,16530,9250,11030,14065,12920,7945,12705,5060,8490,10045,4410,8610,51110,13100,17840,14050,9075,5960,14335,27075,8615,10870,25175,7270,4690,7870,7325,7705,14820,7245
1936,Labour,Industry - North American Industry Classification System (NAICS) 2012,Census Profile 98-316-X2016001,1900,"11 Agriculture, forestry, fishing and hunting",2095,40,40,10,10,10,35,0,10,0,10,10,0,25,40,0,10,25,10,10,0,0,15,10,10,0,0,10,20,10,0,0,0,35,10,10,25,20,20,0,0,10,10,0,20,0,40,10,0,10,30,10,20,0,0,10,10,10,0,30,20,10,0,25,10,0,10,20,20,20,40,25,25,20,25,20,10,60,45,20,20,10,40,30,20,15,20,25,10,0,0,0,20,40,0,30,30,10,10,20,20,0,25,10,20,35,30,10,10,0,10,35,10,40,35,10,10,20,0,0,35,20,10,20,10,20,10,15,15,15,20,0,10,10,10,0,10,15,20,10,10
1937,Labour,Industry - North American Industry Classification System (NAICS) 2012,Census Profile 98-316-X2016001,1901,"21 Mining, quarrying, and oil and gas extraction",2040,10,25,15,35,20,10,40,20,0,15,0,10,0,0,10,10,50,10,20,0,10,10,0,20,10,20,0,0,0,10,20,0,20,20,0,30,15,10,0,10,0,0,0,0,0,0,10,20,20,25,20,0,20,0,20,0,10,10,45,10,0,10,10,15,10,10,20,0,50,10,30,0,0,35,10,0,0,35,0,35,10,10,35,15,0,20,30,70,0,0,0,10,30,0,0,25,0,0,10,10,20,0,10,10,20,40,10,0,0,10,20,20,10,25,10,0,70,10,0,35,10,10,185,10,20,30,0,0,10,50,10,10,20,10,10,20,10,15,30,10
1938,Labour,Industry - North American Industry Classification System (NAICS) 2012,Census Profile 98-316-X2016001,1902,22 Utilities,5915,80,50,40,35,40,30,105,75,20,55,10,60,55,10,35,10,45,20,45,20,0,0,85,110,35,30,55,35,25,50,45,30,95,55,20,60,55,55,0,20,90,20,30,15,20,20,35,70,50,70,80,75,35,10,40,10,0,25,95,0,10,20,35,35,20,20,70,30,40,25,40,20,25,15,10,50,10,55,45,70,10,15,70,85,25,45,50,115,45,30,30,35,45,20,25,60,25,10,45,20,10,20,20,30,20,135,35,10,45,50,70,40,45,95,80,35,40,20,30,20,10,10,250,55,45,45,10,10,80,170,40,50,110,10,20,30,25,30,45,20
1939,Labour,Industry - North American Industry Classification System (NAICS) 2012,Census Profile 98-316-X2016001,1903,23 Construction,76475,675,545,615,395,540,530,210,385,230,370,345,600,665,750,180,730,185,340,925,160,930,150,325,350,745,470,580,985,205,505,695,570,1775,2085,495,495,615,510,300,420,735,430,395,300,165,1130,315,310,330,540,515,300,275,490,455,650,325,320,1690,540,895,450,240,790,175,170,935,350,180,250,295,530,385,970,540,350,585,1240,425,315,815,940,350,635,420,450,685,635,190,255,270,945,620,325,305,990,670,180,415,405,130,430,1460,410,245,855,230,390,260,580,560,430,475,1015,575,335,425,455,425,415,180,515,1000,835,1025,810,855,755,980,780,295,880,1025,310,265,350,215,205,1075,625
1940,Labour,Industry - North American Industry Classification System (NAICS) 2012,Census Profile 98-316-X2016001,1904,31-33 Manufacturing,105285,1990,1345,695,490,640,640,365,560,335,510,325,1355,615,1845,180,690,175,225,1130,205,440,170,380,540,1045,610,495,415,200,380,1145,1495,1120,2515,375,460,560,940,510,600,785,570,700,295,150,2480,330,220,545,630,655,610,630,345,885,1360,370,635,1510,535,545,785,340,960,260,185,2415,450,270,230,310,570,520,2825,590,365,1570,1455,895,345,700,2700,265,685,455,505,1005,1000,250,470,350,780,545,200,260,1200,605,125,675,350,200,610,1140,395,275,2750,235,350,620,610,830,490,1150,875,1220,415,295,690,525,425,105,555,1340,1025,2835,1535,900,480,1155,1305,410,990,2800,285,180,325,225,175,1965,605
1941,Labour,Industry - North American Industry Classification System (NAICS) 2012,Census Profile 98-316-X2016001,1905,41 Wholesale trade,50115,550,555,300,400,615,305,330,530,255,505,135,570,430,320,120,220,235,140,385,160,150,150,210,445,395,380,225,230,125,245,485,500,555,585,175,250,345,300,205,370,450,300,285,245,175,530,180,220,290,400,505,220,300,190,210,320,185,235,1055,285,170,165,170,375,245,155,935,320,265,275,275,195,350,830,140,255,595,1095,290,215,205,610,340,585,320,245,450,1035,170,270,125,250,325,115,195,670,240,95,315,275,155,230,405,225,320,1020,205,170,255,340,570,390,565,580,560,145,330,215,285,200,115,220,1390,450,675,455,310,135,485,1070,315,490,980,155,85,230,215,190,625,270
1942,Labour,Industry - North American Industry Classification System (NAICS) 2012,Census Profile 98-316-X2016001,1906,44-45 Retail trade,141540,1540,1335,800,1215,1200,995,945,1270,605,930,415,1540,1045,1120,305,815,230,620,1050,540,625,430,625,1670,1595,855,785,815,475,835,1300,1510,2320,1840,570,1100,800,1290,540,1085,1035,645,1230,615,455,1450,760,460,935,955,1105,670,730,505,725,735,820,865,2335,840,605,980,1060,1050,375,405,2640,735,575,490,665,945,635,2605,565,570,1525,1985,1010,930,695,1580,700,1520,645,935,1320,1675,565,1205,715,1190,985,515,670,1850,645,310,810,500,535,655,1275,620,720,2500,360,515,835,1400,1290,660,1215,1265,1470,865,855,640,950,785,305,1125,2970,1580,2020,1480,1015,655,1680,2300,810,1150,2940,580,495,640,500,595,1690,755
1943,Labour,Industry - North American Industry Classification System (NAICS) 2012,Census Profile 98-316-X2016001,1907,48-49 Transportation and warehousing,57910,585,435,420,235,415,340,210,320,135,120,140,725,500,625,90,385,55,235,495,215,180,85,255,570,745,300,345,285,105,245,525,555,590,950,205,385,400,510,420,375,625,475,555,160,90,815,230,220,270,440,450,330,305,270,535,595,160,295,1365,260,250,465,190,880,95,130,725,285,95,115,145,240,330,1290,215,315,370,1045,455,385,370,1240,160,320,345,220,400,600,120,345,410,410,435,205,190,670,370,85,360,170,240,450,645,225,185,1265,200,345,480,405,440,190,405,620,565,355,265,465,745,215,100,350,860,690,1695,625,600,250,840,585,180,700,1225,155,255,215,105,110,755,315
1944,Labour,Industry - North American Industry Classification System (NAICS) 2012,Census Profile 98-316-X2016001,1908,51 Information and cultural industries,61350,340,415,240,1260,580,215,675,335,145,270,70,400,565,100,230,265,160,435,200,580,90,425,320,1480,425,220,360,435,270,660,435,265,1415,315,765,895,185,285,110,240,310,130,310,220,265,170,670,230,340,830,995,175,270,125,85,105,490,205,1025,505,130,255,650,235,170,220,475,295,420,330,400,1005,190,575,100,190,240,950,205,800,105,310,530,1085,280,225,305,2075,600,390,175,430,415,225,845,635,75,330,245,130,270,95,195,860,515,865,375,60,185,910,1265,230,265,490,450,310,930,120,225,725,300,265,3195,295,400,275,250,195,415,800,335,170,705,565,250,480,380,425,315,135
1945,Labour,Industry - North American Industry Classification System (NAICS) 2012,Census Profile 98-316-X2016001,1909,52 Finance and insurance,120005,1015,885,380,1820,1395,510,1850,1295,615,1220,145,1210,945,215,270,495,730,510,415,570,275,590,825,2535,1140,565,700,460,460,715,1205,810,1185,860,375,915,795,675,200,635,645,375,560,515,675,375,540,370,870,1160,1190,665,780,370,190,260,530,500,2115,500,210,590,705,475,680,385,1515,960,1145,1210,1175,555,290,1470,225,430,865,1605,565,1335,330,505,1090,2470,375,725,925,2845,610,735,390,585,760,430,490,1390,315,385,630,540,390,220,475,360,1700,2325,445,170,475,600,1280,765,885,1190,1020,500,1225,200,525,520,260,790,9675,845,755,630,385,255,995,3865,1020,835,1655,575,425,415,765,955,670,525
1946,Labour,Industry - North American Industry Classification System (NAICS) 2012,Census Profile 98-316-X2016001,1910,53 Real estate and rental and leasing,39935,260,255,145,675,630,235,400,420,250,720,50,270,445,130,85,170,270,170,200,165,170,325,210,515,375,330,275,165,125,175,420,345,500,365,185,275,320,255,90,380,205,135,245,315,365,185,175,115,285,265,430,155,275,140,95,110,250,140,775,195,155,210,175,185,195,95,500,295,295,395,270,205,145,375,145,140,315,730,195,325,105,185,285,605,170,255,310,730,155,215,115,260,255,120,215,595,140,85,255,280,105,105,245,175,545,610,130,80,200,355,380,525,265,445,270,190,425,75,240,225,80,200,1625,290,295,295,230,125,370,1075,285,255,445,180,65,190,225,315,330,235
1947,Labour,Industry - North American Industry Classification System (NAICS) 2012,Census Profile 98-316-X2016001,1911,"54 Professional, scientific and technical services",175685,1015,1120,530,3475,2205,955,2800,1950,880,2060,95,1100,1120,320,540,630,765,645,415,1000,295,1445,725,3995,1025,970,805,695,755,1090,1785,785,2300,840,840,1475,1055,650,240,1030,905,580,750,1185,1145,410,1105,540,1430,2260,2285,490,1170,415,215,350,1360,465,3265,1010,295,510,1455,670,840,580,1665,1610,1480,1595,1725,1750,680,1500,240,650,870,2825,515,2430,260,560,1770,3255,495,1145,1310,5315,1040,1200,380,1070,800,605,1500,1940,380,825,920,950,610,300,560,1255,2610,1830,1005,180,440,1305,2625,1425,1100,1880,1215,795,2230,275,820,1680,660,680,12260,755,965,1170,480,435,940,4640,1430,900,1810,980,515,1060,1550,1515,940,520
1948,Labour,Industry - North American Industry Classification System (NAICS) 2012,Census Profile 98-316-X2016001,1912,55 Management of companies and enterprises,4080,0,0,20,55,55,35,60,45,0,65,0,30,30,20,25,0,10,20,10,25,10,25,30,85,30,20,20,10,0,30,20,30,65,40,20,40,15,0,20,30,15,10,30,25,30,10,25,10,20,50,70,35,10,0,10,20,0,20,55,50,0,10,30,30,30,25,40,20,45,45,55,45,25,35,0,10,10,50,25,35,10,30,40,85,10,20,20,140,60,25,0,20,20,10,40,75,20,0,20,20,10,0,30,35,55,65,50,10,20,25,60,60,10,60,20,25,45,0,10,15,0,0,250,10,35,25,20,0,50,95,45,35,50,10,10,30,45,70,20,0
1949,Labour,Industry - North American Industry Classification System (NAICS) 2012,Census Profile 98-316-X2016001,1913,"56 Administrative and support, waste management and remediation services",78890,730,720,360,495,565,410,300,470,205,390,265,980,580,745,140,665,110,355,740,285,440,200,260,815,835,440,485,525,170,375,750,920,1100,1405,425,530,345,865,340,585,520,410,810,325,140,1145,345,185,475,505,490,390,310,280,405,670,365,495,1305,415,505,650,370,790,175,200,1325,330,225,255,275,470,340,1805,400,210,500,1060,645,580,710,1105,335,895,360,365,630,705,200,675,530,770,510,265,295,1190,375,190,365,180,325,470,860,280,405,1405,190,315,675,755,565,350,480,560,780,795,410,300,695,430,135,535,1640,1070,1285,875,695,485,990,935,315,650,2240,305,215,380,280,240,1010,520
1950,Labour,Industry - North American Industry Classification System (NAICS) 2012,Census Profile 98-316-X2016001,1914,61 Educational services,110280,620,590,495,2425,1120,730,1945,910,625,1055,130,840,1040,345,505,530,320,590,400,765,305,695,765,1970,895,800,680,700,590,1060,925,655,2020,925,665,1205,635,475,260,1055,935,405,535,650,415,540,780,555,500,1480,1540,535,545,495,260,310,965,305,1840,975,260,360,925,590,385,475,1180,820,800,830,870,840,465,1040,330,530,525,1395,500,720,305,545,1110,1790,525,570,740,1355,785,745,385,1090,725,455,1115,1205,425,510,645,585,380,335,635,960,905,1690,775,235,470,605,1205,645,570,1220,825,485,1385,245,405,805,780,545,2690,875,875,750,470,390,890,1905,760,895,1240,865,435,915,745,710,935,520
1951,Labour,Industry - North American Industry Classification System (NAICS) 2012,Census Profile 98-316-X2016001,1915,62 Health care and social assistance,143250,1230,1140,515,1525,1660,915,1975,1285,795,1590,330,1560,1245,730,355,955,595,635,915,725,520,650,785,1920,1640,1175,685,610,510,1125,1475,1440,1720,1690,635,1220,800,1310,500,1420,940,525,1005,1135,845,1290,685,505,700,1265,1335,700,935,485,435,675,990,880,2330,735,495,1050,845,1015,405,385,2045,1045,715,950,885,730,500,2315,560,435,920,1825,1140,945,780,1360,945,1820,535,735,1425,1770,765,1025,625,1150,915,560,750,1940,555,395,755,535,540,535,980,690,975,2610,495,440,875,1280,1235,1495,855,1255,1235,770,1085,410,730,800,290,990,3385,1515,1665,1840,980,540,1480,2570,730,895,2570,625,470,730,730,670,1235,650
1952,Labour,Industry - North American Industry Classification System (NAICS) 2012,Census Profile 98-316-X2016001,1916,"71 Arts, entertainment and recreation",34995,165,140,155,785,165,155,345,175,75,270,45,165,320,110,155,135,115,155,160,225,80,150,170,725,190,170,165,325,220,285,160,190,865,225,355,465,160,115,50,190,220,135,155,205,175,165,285,105,85,455,585,80,75,95,100,115,260,75,510,390,75,120,430,220,110,125,240,205,240,225,295,570,190,210,45,155,150,480,135,515,95,215,290,450,185,125,240,930,285,240,75,345,180,95,495,405,95,245,120,120,235,90,195,480,370,360,195,50,115,600,800,195,125,280,145,140,505,70,115,590,225,150,1470,130,335,305,150,125,275,345,140,250,245,290,180,335,285,250,245,115
1953,Labour,Industry - North American Industry Classification System (NAICS) 2012,Census Profile 98-316-X2016001,1917,72 Accommodation and food services,106905,1590,1135,335,1285,540,495,800,510,335,505,160,1095,850,635,340,605,105,660,580,660,405,300,305,1645,1345,570,500,600,470,605,930,1210,2225,1220,770,755,385,1125,280,700,505,530,960,495,315,995,695,235,685,970,790,420,465,260,465,575,675,670,1550,535,390,825,1410,800,165,135,1830,460,345,370,440,1125,375,1860,410,245,1730,1180,585,1095,525,1155,390,1145,475,520,975,1700,440,1450,740,940,780,305,960,1105,260,325,515,220,780,290,750,940,430,1620,210,235,550,1935,1555,380,1315,695,985,835,820,325,650,1145,380,545,3090,955,1195,975,590,485,1085,1340,420,470,2100,440,225,645,320,425,1170,465
1954,Labour,Industry - North American Industry Classification System (NAICS) 2012,Census Profile 98-316-X2016001,1918,81 Other services (except public administration),67390,535,530,295,780,710,530,415,535,235,775,230,630,510,530,215,580,145,315,475,415,350,305,225,760,655,810,345,410,295,415,580,535,1140,1035,295,555,395,530,190,975,445,275,545,440,350,700,395,205,275,520,570,330,240,275,335,350,715,335,905,465,305,405,430,430,170,215,1010,430,315,240,405,400,275,850,340,175,500,830,375,485,420,585,405,950,270,395,855,760,320,710,250,740,425,260,350,905,330,195,335,220,245,210,615,445,510,870,250,265,340,610,690,375,520,600,645,340,480,180,360,455,190,400,1270,570,710,995,485,285,700,1015,315,510,1020,315,225,390,260,380,675,505
1955,Labour,Industry - North American Industry Classification System (NAICS) 2012,Census Profile 98-316-X2016001,1919,91 Public administration,53390,350,315,325,770,520,315,560,380,220,230,90,570,615,145,185,215,85,295,210,400,115,250,460,1080,560,340,390,375,335,465,430,370,810,575,255,615,365,210,145,280,475,265,280,205,220,250,465,270,180,615,670,270,240,200,80,125,260,200,1110,420,155,255,355,285,190,165,485,350,355,240,410,290,245,615,125,265,300,870,265,425,120,295,415,930,340,280,365,860,400,380,135,455,415,280,385,625,220,290,320,300,270,210,285,390,500,940,310,140,255,340,745,280,245,610,355,210,690,145,260,385,145,330,1850,430,460,340,290,195,485,1105,380,365,800,425,295,365,265,255,425,220
1966,Journey to work,Main mode of commuting,Census Profile 98-316-X2016001,1930,Total - Main mode of commuting for the employed labour force aged 15 years and over in private households with a usual place of work or no fixed workplace address - 25% sample data,1251055,11820,10160,6045,14910,11395,7360,11815,9825,4965,9520,2655,12430,10100,7910,3380,7220,3220,5585,7925,6055,4950,5090,6170,18135,12390,8075,6795,7255,4615,8035,11480,11015,19090,16165,6295,10050,7095,9265,4045,8920,8665,5550,8380,6290,4805,11555,6875,4165,7260,11350,11935,5725,6430,4345,5050,6705,7450,6085,22055,7580,4980,7435,8405,8835,3735,3465,17715,7585,6465,6615,7410,8965,5290,19225,4580,4665,10480,17975,7450,10420,5925,12600,7765,16745,5520,6600,10565,21125,5875,9220,4980,10110,8075,4525,7710,15270,5300,3860,6790,4800,4730,4730,9705,7310,9010,21500,4790,3590,6250,11180,13765,7155,9370,11750,10920,6665,10220,4345,7025,8255,3505,7330,43785,11050,15575,11905,7805,5185,12360,21785,6900,9360,21595,5965,4100,6595,5935,6345,12790,6420
1967,Journey to work,Main mode of commuting,Census Profile 98-316-X2016001,1931,"Car, truck, van - as a driver",575255,7155,6135,4090,3290,7150,3910,1780,5270,2920,5940,1235,6465,5695,4040,1075,2870,2240,2010,3825,1295,2070,2040,3955,2705,5860,4195,3970,2980,1545,3380,5845,5580,5825,8405,1655,4145,4490,3940,2350,3890,5980,3185,3705,2910,2355,6205,2395,2490,3105,3665,5310,3805,3695,2800,3225,3925,2585,2440,11775,2860,2410,3335,1100,5335,2210,1610,10005,3705,3065,3480,4475,2555,3145,10785,2495,3025,6540,11095,4240,2195,2725,6965,3590,4745,2995,3245,4760,6820,1940,1290,1795,3825,4040,2370,1755,8580,3460,1110,3980,3515,1130,2930,4860,2340,3430,13665,2195,1905,3065,2610,5000,4555,5860,7090,5950,1940,5165,2860,2835,2075,585,3650,9100,5980,9445,5585,4015,2070,7025,9890,3260,6220,11505,2480,1685,2190,1970,2050,5945,3205
1968,Journey to work,Main mode of commuting,Census Profile 98-316-X2016001,1932,"Car, truck, van - as a passenger",57170,930,665,355,290,500,265,165,385,240,355,175,620,480,735,115,305,140,165,395,120,470,130,350,245,560,280,260,500,155,355,510,600,820,1060,185,365,345,445,250,265,465,315,260,185,100,975,275,175,325,235,345,325,320,205,365,505,275,255,975,285,465,325,165,450,120,135,1220,195,195,305,350,275,230,1400,225,275,1145,760,505,165,330,930,310,370,240,295,625,640,175,140,130,410,375,235,175,820,330,105,420,230,115,235,690,195,300,1510,95,200,350,225,655,245,975,440,705,135,590,320,290,315,90,320,760,640,1140,550,430,415,595,695,275,515,1405,165,120,195,155,155,665,355
1969,Journey to work,Main mode of commuting,Census Profile 98-316-X2016001,1933,Public transit,463000,3350,2985,1285,6200,2945,2870,3540,3695,1610,2415,1105,4680,3210,2720,1605,3595,580,2710,3380,2010,2130,1970,1675,7000,5435,3230,2320,3020,2290,3370,4605,4255,8950,6085,3010,4410,2010,4595,1330,3945,1945,1750,3860,2720,1830,3965,3050,1320,3425,6260,4725,1480,2170,1200,1305,2070,3725,3025,8205,3335,1835,3505,2245,2665,1185,1400,5895,3015,2695,2160,1795,3450,1585,6425,1620,1085,2510,5040,2485,3295,2665,4110,2890,9435,1815,2705,4535,6965,2335,5230,2725,4930,3240,1560,2775,5275,1375,1980,2155,950,2245,1345,3630,2845,3530,5935,1960,1370,2570,5785,5315,1975,2195,3505,3820,4245,2995,1030,3190,2605,1260,3025,10915,3990,4380,5275,2975,2200,4170,9390,2845,2380,7635,2540,1940,3005,2935,3170,5405,2400
1970,Journey to work,Main mode of commuting,Census Profile 98-316-X2016001,1934,Walked,107665,265,280,195,3200,615,215,5840,345,110,550,100,520,415,245,225,305,165,345,255,1805,160,630,110,7275,340,200,170,330,295,425,375,440,1215,460,600,610,175,195,70,590,180,200,405,280,285,280,485,130,340,520,620,75,180,65,95,115,450,235,795,535,185,125,3840,270,115,140,370,530,340,420,505,1335,175,425,180,180,180,505,130,3915,125,385,675,1840,265,270,470,5070,695,1945,245,390,245,170,1390,420,85,355,135,75,880,150,360,715,1200,220,255,90,210,1305,1425,270,245,380,300,260,750,110,565,1760,950,260,20855,290,425,345,285,225,380,1550,405,140,780,340,145,525,635,715,585,360
1971,Journey to work,Main mode of commuting,Census Profile 98-316-X2016001,1935,Bicycle,34355,70,35,65,1675,65,15,325,30,10,90,20,45,140,85,305,60,35,295,25,710,70,215,0,690,90,80,35,355,295,400,20,55,1980,10,775,365,40,10,20,85,35,65,50,95,150,55,580,10,20,565,810,25,10,10,10,20,280,30,90,525,50,45,940,45,30,125,85,30,85,135,235,1260,110,60,10,40,40,310,10,690,25,35,215,250,155,35,55,1330,615,475,35,430,95,145,1470,45,10,255,35,0,300,25,85,1075,325,20,265,0,0,1145,1145,20,20,235,35,55,570,15,55,1380,555,20,1570,30,60,60,30,205,80,50,55,20,45,380,175,610,145,155,115,30
1972,Journey to work,Main mode of commuting,Census Profile 98-316-X2016001,1936,Other method,13610,45,65,65,225,140,90,175,100,65,180,20,100,140,85,40,85,75,55,55,105,55,100,70,190,80,85,40,70,40,120,140,95,310,145,80,160,45,65,30,150,75,45,90,90,85,90,85,50,65,90,130,15,40,55,35,55,140,95,195,45,35,80,120,65,50,40,120,115,85,110,65,90,45,115,60,55,50,265,75,155,40,170,85,100,60,55,130,285,115,135,50,140,85,30,135,115,40,50,70,30,60,55,95,140,210,160,30,25,50,120,200,80,60,115,110,35,135,20,90,125,65,55,610,95,95,110,90,70,105,215,55,65,210,70,30,55,90,95,75,85
1979,Journey to work,Time leaving for work,Census Profile 98-316-X2016001,1943,Total - Time leaving for work for the employed labour force aged 15 years and over in private households with a usual place of work or no fixed workplace address - 25% sample data,1251055,11825,10160,6045,14895,11400,7350,11815,9820,4965,9530,2655,12430,10090,7900,3380,7225,3215,5590,7925,6060,4955,5085,6170,18130,12385,8070,6800,7260,4605,8035,11480,11005,19090,16170,6300,10045,7105,9275,4045,8925,8670,5555,8380,6290,4805,11550,6875,4165,7260,11355,11945,5720,6435,4345,5045,6700,7445,6085,22075,7580,4990,7430,8405,8840,3735,3465,17730,7580,6470,6615,7410,8965,5295,19230,4585,4665,10460,17980,7445,10415,5920,12605,7760,16740,5520,6610,10565,21110,5875,9220,4985,10115,8080,4525,7710,15265,5300,3850,6795,4800,4735,4740,9715,7325,9000,21490,4790,3595,6240,11185,13765,7160,9365,11760,10915,6670,10220,4345,7020,8245,3490,7330,43800,11045,15575,11895,7800,5180,12360,21785,6890,9355,21600,5975,4105,6585,5935,6345,12775,6415
1980,Journey to work,Time leaving for work,Census Profile 98-316-X2016001,1944,Between 5 a.m. and 5:59 a.m.,56235,530,300,485,235,290,305,175,175,155,215,225,725,515,705,85,470,35,260,645,120,450,60,335,365,715,285,385,510,105,200,445,670,915,1405,260,365,345,670,225,365,420,385,480,165,70,1050,180,255,195,335,300,395,210,230,480,525,225,375,980,315,495,415,240,680,95,110,795,140,65,105,135,255,450,1220,320,225,305,845,530,255,555,1055,170,375,350,150,470,450,120,350,220,540,480,160,195,690,345,80,260,130,180,340,820,250,115,1455,105,290,390,525,375,225,340,425,465,365,290,350,360,250,50,405,710,815,1330,665,655,445,730,405,135,575,1330,165,165,245,115,160,780,355
1981,Journey to work,Time leaving for work,Census Profile 98-316-X2016001,1945,Between 6 a.m. and 6:59 a.m.,162440,1565,1315,1080,930,1215,900,840,910,545,725,595,1840,1345,1735,295,1180,260,640,1735,560,1005,285,1045,1235,1750,885,1070,1050,425,835,1380,1925,2430,3340,800,1115,1075,1565,840,965,1320,825,1155,585,385,2475,790,670,750,1150,1135,1035,660,630,970,1570,650,1045,3040,810,1135,1250,625,1440,365,440,2485,615,425,465,590,880,825,3580,875,695,1275,2505,1335,735,1225,2695,640,1390,805,660,1385,1690,445,970,765,1410,1160,655,570,2100,1060,350,890,635,415,855,1865,750,675,4055,445,780,1095,1410,1290,605,1090,1530,1510,995,935,825,885,595,205,1130,2845,1935,2780,2060,1465,855,2070,1630,555,1535,3695,660,595,745,465,425,2260,990
1982,Journey to work,Time leaving for work,Census Profile 98-316-X2016001,1946,Between 7 a.m. and 7:59 a.m.,305355,2650,2305,1640,2770,3130,2020,2375,2625,1135,2740,595,3020,2815,1550,795,1800,925,1465,1815,1125,1235,1220,1950,3340,3100,2035,1825,1755,1140,2420,3115,2665,3965,4110,1330,2665,1975,2010,890,2055,2610,1515,1835,1570,1050,2520,1785,1265,1930,3080,3185,1475,1730,1195,1120,1405,1860,1405,6410,2070,1160,1670,1270,2070,1215,1070,4230,2035,2070,1895,2335,1720,1405,4540,1120,1285,2255,5340,1525,2205,1420,2510,2360,4355,1545,1695,2535,4845,1250,1645,1165,2330,2090,1185,1410,4135,1350,845,1915,1630,990,1185,2345,1525,2335,5520,1430,795,1375,2105,3195,1765,2115,3620,2690,1530,2990,965,1620,1540,665,2045,9265,2720,3270,2690,1860,1170,3130,5360,1925,2630,5060,1645,1165,1450,1525,1685,3060,1695
1983,Journey to work,Time leaving for work,Census Profile 98-316-X2016001,1947,Between 8 a.m. and 8:59 a.m.,335840,2680,2385,1280,5805,3605,1985,5015,3325,1385,3045,430,2805,2550,1035,1150,1635,1115,1445,1365,2060,940,1860,1350,7035,2735,2290,1580,1830,1490,2520,3045,2165,5280,2670,1790,3020,1965,1560,735,2285,2045,1265,1825,2090,1735,1580,2000,850,2080,3525,3950,1040,1820,1005,845,945,2290,1155,5835,2190,865,1430,2470,1720,1250,1005,3905,2580,2420,2650,2685,2680,1200,2995,870,1290,2520,4400,1355,3980,905,1625,2905,6050,1240,1940,2565,8000,2240,2450,925,2615,1880,1195,2640,3635,990,1320,1600,1335,1250,945,1820,2250,3530,3800,1765,625,1110,2690,4790,2300,2125,3195,2580,1525,3235,780,1550,2880,1145,1670,19395,1925,2740,2600,1335,1170,2390,8015,2345,2025,3885,1945,1140,2050,2260,2350,2440,1510
1984,Journey to work,Time leaving for work,Census Profile 98-316-X2016001,1948,Between 9 a.m. and 11:59 a.m.,200780,2625,2205,640,3420,2000,1075,2395,1825,1075,1885,275,1785,1350,870,610,885,680,960,845,1315,500,1160,705,3925,1660,1275,845,1075,850,1180,1980,1410,3525,1805,1165,1455,875,1245,490,1605,1160,695,1270,1170,1110,1260,1170,530,1310,1830,2000,810,1325,640,580,715,1385,815,2940,1285,540,1020,2435,1165,540,405,3410,1355,995,1070,995,2035,565,2515,515,610,2735,2520,940,1935,550,1400,1070,2825,575,1430,1875,3780,1030,1830,805,1575,1135,620,1795,2110,610,740,1125,585,1030,455,1055,1390,1650,2720,615,365,830,2125,2535,1605,2495,1390,1875,845,1680,605,1105,1855,920,960,8010,1250,1850,1605,835,590,1765,4615,1300,1145,3090,875,545,1235,1015,1145,1585,965
1985,Journey to work,Time leaving for work,Census Profile 98-316-X2016001,1949,Between 12 p.m. and 4:59 a.m.,190410,1775,1650,915,1745,1160,1070,1000,960,675,910,530,2235,1515,2005,460,1250,205,825,1530,865,815,505,785,2240,2430,1300,1095,1035,610,880,1500,2175,2975,2870,945,1440,855,2200,860,1640,1115,865,1820,700,445,2695,950,590,985,1425,1360,955,670,645,1050,1545,1040,1285,2850,915,805,1645,1355,1750,260,430,2905,850,505,440,660,1390,840,4390,890,565,1370,2380,1765,1320,1265,3325,625,1720,990,740,1740,2345,775,1970,1105,1640,1330,700,1100,2585,935,515,1010,485,885,955,1795,1165,705,3980,435,735,1435,2340,1590,665,1205,1580,1795,1430,1070,825,1510,1125,520,1120,3565,2400,3605,2295,1650,950,2270,1745,620,1455,4545,680,490,850,560,565,2655,890