,name,minority - % visible minority,minority - % not visible minority,minority - % south asian,minority - % chinese,minority - % black,minority - % filipino,minority - % latin american,minority - % arab,minority - % southeast asian,minority - % west asian,minority - % korean,minority - % japanese,industry - % manufacturing,industry - % wholesale trade,industry - % transportation and warehousing,industry - % retail trade,industry - % information and cultural industries,industry - % construction,industry - % education services,industry - % health care and social services,industry - % accommodation and food services,"industry - % mining, quarrying and oil and gas extraction",industry - % utilities,"industry - % agriculture, forestry, fishing and hunting",industry - % finance and insurance,industry - % real estate and rental and leasing,"industry - % professional, technical and scientific enterprises",industry - % management of companies and enterprises,"industry - % administrative, support, waste management and remediation services","industry - % arts, entertainment and recreation",industry - % other services (except public administration),industry - % public administration
0,MEMBER_ID,1.000755857898715,1.0105820105820107,1.00151171579743,1.002267573696145,1.00302343159486,1.0037792894935753,1.0045351473922903,1.0052910052910053,1.0060468631897204,1.0068027210884354,1.0075585789871504,1.0083144368858654,1.003690036900369,1.0042171850289932,1.0052714812862413,1.0047443331576174,1.0057986294148655,1.0031628887717448,1.0089615181866105,1.0094886663152345,1.0105429625724829,1.0021085925144966,1.0026357406431208,1.0015814443858724,1.0063257775434897,1.006852925672114,1.007380073800738,1.007907221929362,1.0084343700579863,1.0100158144438587,1.011070110701107,1.011597258829731
1,Agincourt North(129),0.9146574154379878,0.08551604509973981,0.18438855160450998,0.5710320901994796,0.046487424111014745,0.049262792714657416,0.005897658282740676,0.009540329575021683,0.009019947961838682,0.004336513443191674,0.0024284475281873374,0.0020815264527320036,0.14363045831829666,0.039696860339227716,0.04222302417899675,0.1111512089498376,0.024539877300613498,0.04871887405268856,0.04474918801876579,0.0887766149404547,0.11476001443522194,0.0007217610970768675,0.00577408877661494,0.00288704438830747,0.07325875135330205,0.018765788523998555,0.07325875135330205,0.0,0.05268856008661133,0.011909058101768314,0.038614218693612416,0.025261638397690366
2,Agincourt South-Malvern West(128),0.8587558585428207,0.14145717937792926,0.17852577758841073,0.4733702599062633,0.06582871751171708,0.05453770771197273,0.0097997443544951,0.01278227524499361,0.006604175543246698,0.015977844056242013,0.005965061780997018,0.0017043033659991478,0.11166459111664591,0.0460772104607721,0.0361145703611457,0.11083437110834371,0.034454130344541305,0.0452469904524699,0.048982980489829804,0.09464508094645081,0.0942299709422997,0.0020755500207555004,0.004151100041511001,0.0033208800332088003,0.07347447073474471,0.021170610211706103,0.09298464092984642,0.0,0.05977584059775841,0.011623080116230802,0.044001660440016604,0.026151930261519303
3,Alderwood(20),0.20706860706860708,0.7929313929313929,0.04490644490644491,0.02286902286902287,0.02494802494802495,0.051143451143451146,0.01496881496881497,0.007484407484407485,0.004573804573804574,0.0016632016632016633,0.005405405405405406,0.0029106029106029108,0.10183150183150183,0.04395604395604396,0.06153846153846154,0.11721611721611722,0.035164835164835165,0.09010989010989011,0.07252747252747253,0.07545787545787545,0.04908424908424908,0.002197802197802198,0.005860805860805861,0.0014652014652014652,0.05567765567765568,0.021245421245421246,0.07765567765567766,0.0029304029304029304,0.05274725274725275,0.02271062271062271,0.04322344322344322,0.047619047619047616
4,Annex(95),0.253840782122905,0.7465083798882681,0.03928072625698324,0.07489525139664804,0.032646648044692736,0.012220670391061452,0.014141061452513967,0.01047486033519553,0.006634078212290503,0.011871508379888268,0.021124301675977654,0.0089036312849162,0.026407976286715172,0.02155753166262463,0.01266504985179197,0.06548100242522231,0.06790622473726758,0.021288062516841823,0.13069253570466183,0.0821880894637564,0.06925357046618162,0.001886284020479655,0.001886284020479655,0.0005389382915656157,0.09808676906494207,0.03637833468067906,0.18728105631905148,0.0029641606036108865,0.02667744543249798,0.042306655887900835,0.04203718674211803,0.04149824845055241
5,Banbury-Don Mills(42),0.4704574921281719,0.5293572883867382,0.10464900907575476,0.17151324319318392,0.0359325801074273,0.04204482311539174,0.012965363956288202,0.02037414335988146,0.004074828671976292,0.02796814224856455,0.020744582330061122,0.007779218373772921,0.045616535994297935,0.04383464005702067,0.029579472558802566,0.08553100498930863,0.041339985744832504,0.03848895224518888,0.07982893799002139,0.11831789023521026,0.03848895224518888,0.0014255167498218105,0.002851033499643621,0.0007127583749109052,0.09942979330007128,0.04490377761938703,0.1571632216678546,0.003920171062009979,0.040270848182466144,0.011760513186029936,0.05060584461867427,0.03706343549536707
6,Bathurst Manor(34),0.3478818998716303,0.6524390243902439,0.03530166880616174,0.0420410783055199,0.03530166880616174,0.1251604621309371,0.03690629011553274,0.00994865211810013,0.009627727856225931,0.017329910141206675,0.01957637997432606,0.002246469833119384,0.07424593967517401,0.03538283062645012,0.03944315545243619,0.1154292343387471,0.02494199535962877,0.06148491879350348,0.08468677494199536,0.10614849187935035,0.0574245939675174,0.001160092807424594,0.0034802784222737818,0.004060324825986079,0.05916473317865429,0.027262180974477957,0.11078886310904873,0.004060324825986079,0.04756380510440835,0.017981438515081206,0.06148491879350348,0.03654292343387471
7,Bay Street Corridor(76),0.6219488381175552,0.37785588752196836,0.0945127904706112,0.29037297402851003,0.030267525873852764,0.014840851396211677,0.01796524116383519,0.051161882444834994,0.013278656512399923,0.02401874633860574,0.05233352860769381,0.013083382151923452,0.024341447149049684,0.022007335778592863,0.014004668222740914,0.06302100700233411,0.045015005001667226,0.014004668222740914,0.12970990330110035,0.13171057019006335,0.053351117039013005,0.00266755585195065,0.007002334111370457,0.0,0.12337445815271757,0.026675558519506502,0.1867289096365455,0.0040013337779259755,0.020006668889629875,0.02300766922307436,0.027675891963987995,0.037345781927309106
8,Bayview Village(52),0.6861400189214759,0.31385998107852414,0.06433301797540208,0.2771996215704825,0.03571428571428571,0.03618732261116367,0.019394512771996216,0.016792809839167457,0.00946073793755913,0.11542100283822138,0.07828760643330179,0.008514664143803218,0.04711821623895667,0.04459402608329827,0.026924694993689526,0.10685738325620531,0.02818679007151872,0.032393773664282706,0.07656710138830458,0.1081194783340345,0.04291123264619268,0.0016827934371055953,0.006310475389145982,0.0008413967185527977,0.1089608750525873,0.0353386621792175,0.16407236011779555,0.0037862852334875894,0.03954564577198149,0.014724442574673959,0.04501472444257468,0.03197307530500631
9,Bayview Woods-Steeles(49),0.6519162386408535,0.3480837613591466,0.05294350059265113,0.34452785460292373,0.04188067957329119,0.01382852627419992,0.011853022520742789,0.010272619517977083,0.01066772026866851,0.08020545239035955,0.05610430659818254,0.005531410509679968,0.053901850362027354,0.04102976669348351,0.02172164119066774,0.09734513274336283,0.02333065164923572,0.03700724054706356,0.1005631536604988,0.12791633145615447,0.053901850362027354,0.0,0.003218020917135961,0.0,0.09895414320193081,0.04022526146419952,0.1415929203539823,0.0,0.03298471440064361,0.012067578439259855,0.03781174577634755,0.035398230088495575
10,Bedford Park-Nortown(39),0.20960415314730693,0.790395846852693,0.019684187756867835,0.0445598096474151,0.0136275146009085,0.07743889249405148,0.014925373134328358,0.003893575600259572,0.003244646333549643,0.013194895089768548,0.008436080467229072,0.0028120268224096907,0.043056141831996624,0.04263402279442803,0.010130856901646263,0.07851414098775855,0.022794428028704093,0.03123680878007598,0.0890671169269734,0.134233853946813,0.04263402279442803,0.001266357112705783,0.004643309413254538,0.0008442380751371887,0.10299704516673702,0.060785141409877584,0.17391304347826086,0.005487547488391726,0.03292528493035036,0.022794428028704093,0.06542845082313212,0.019417475728155338
11,Beechborough-Greenbrook(112),0.5902668759811617,0.4097331240188383,0.05180533751962323,0.01726844583987441,0.3249607535321821,0.06200941915227629,0.05259026687598116,0.01098901098901099,0.033751962323390894,0.0015698587127158557,0.002354788069073783,0.0,0.104,0.0432,0.0448,0.1328,0.0224,0.1104,0.0416,0.1056,0.0512,0.0,0.0032,0.0032,0.0464,0.016,0.0304,0.0,0.0848,0.0144,0.0736,0.0288
12,Bendale(127),0.7242268041237113,0.27560137457044676,0.2853951890034364,0.15120274914089346,0.06563573883161512,0.09914089347079037,0.018213058419243987,0.011512027491408935,0.010652920962199313,0.028006872852233678,0.0070446735395189005,0.0053264604810996565,0.09488795518207283,0.03991596638655462,0.0507703081232493,0.10784313725490197,0.028011204481792718,0.04201680672268908,0.058823529411764705,0.1092436974789916,0.07668067226890757,0.0007002801120448179,0.004201680672268907,0.0,0.08473389355742297,0.018907563025210083,0.07703081232492998,0.0021008403361344537,0.06862745098039216,0.011554621848739496,0.04411764705882353,0.03991596638655462
13,Birchcliffe-Cliffside(122),0.2645770914957363,0.7347315049550588,0.06476146577552432,0.05485134823692095,0.04102327725282323,0.038257663056003685,0.010371053238073288,0.004839824844434202,0.012214796035952985,0.004378889144964277,0.0013828070984097719,0.008988246139663517,0.051271363067944976,0.0358482701125469,0.041684035014589414,0.08711963318049187,0.04710295956648604,0.05543976656940392,0.08670279283034597,0.10379324718632764,0.07086285952480201,0.0,0.004585243851604835,0.0020842017507294707,0.07878282617757398,0.037098791162984576,0.09337223843268028,0.0025010421008753647,0.04835348061692372,0.026677782409337224,0.0425177157148812,0.051271363067944976
14,Black Creek(24),0.8084859726408532,0.19128217018316718,0.09784372826338975,0.035474147924878276,0.29283561326223045,0.042661720380245766,0.08254115464873638,0.03269186181312311,0.12033387433341063,0.028750289821469974,0.0018548574078367725,0.0013911430558775793,0.19838709677419356,0.034408602150537634,0.06720430107526881,0.12043010752688173,0.010752688172043012,0.08064516129032258,0.037096774193548385,0.07849462365591398,0.06827956989247312,0.0,0.001075268817204301,0.004301075268817204,0.023118279569892472,0.013978494623655914,0.034408602150537634,0.002150537634408602,0.08010752688172043,0.011827956989247311,0.05698924731182796,0.015591397849462365
15,Blake-Jones(69),0.38516590761223163,0.6148340923877684,0.057905009759271306,0.1236174365647365,0.1236174365647365,0.0071567989590110605,0.01040988939492518,0.005855562784645413,0.011711125569290826,0.018867924528301886,0.001951854261548471,0.004554326610279766,0.044063647490820076,0.02937576499388005,0.022031823745410038,0.07466340269277846,0.056303549571603426,0.044063647490820076,0.12362301101591187,0.08690330477356181,0.0832313341493268,0.0024479804161566705,0.008567931456548347,0.0,0.06609547123623011,0.0208078335373317,0.13219094247246022,0.006119951040391677,0.03427172582619339,0.037943696450428395,0.05263157894736842,0.04528763769889841
16,Briar Hill-Belgravia(108),0.4575853572685674,0.542766631467793,0.028863076381555792,0.018303414290742698,0.08236536430834214,0.21365716297078494,0.06476592749032031,0.0031678986272439284,0.01196761703625484,0.0028159098908834917,0.009151707145371349,0.004927842309046111,0.08258527827648116,0.026331538001196888,0.04608019150209455,0.09754637941352484,0.03171753441053261,0.08737283064033513,0.06343506882106523,0.11430281268701377,0.07241172950329144,0.0011968880909634949,0.0011968880909634949,0.0011968880909634949,0.059245960502693,0.020347097546379412,0.07540394973070018,0.0,0.07959305804907241,0.01615798922800718,0.06941950927588271,0.02573309395571514
17,Bridle Path-Sunnybrook-York Mills(41),0.3010342950462711,0.698421339139902,0.04082743603701688,0.15351115949918345,0.012520413718018509,0.005443658138268917,0.007076755579749592,0.004354926510615134,0.004899292324442025,0.035383777898747956,0.020141535111594992,0.005988023952095809,0.03875968992248062,0.05204872646733112,0.012181616832779624,0.05094130675526024,0.035437430786267994,0.04097452934662237,0.07087486157253599,0.13178294573643412,0.023255813953488372,0.01107419712070875,0.009966777408637873,0.005537098560354375,0.16168327796234774,0.059800664451827246,0.16943521594684385,0.0022148394241417496,0.024363233665559248,0.02547065337763012,0.03211517165005537,0.018826135105204873
18,Broadview North(57),0.2766990291262136,0.7237422771403353,0.05560458958517211,0.04148278905560459,0.0498676081200353,0.0441306266548985,0.02206531332744925,0.011032656663724626,0.007502206531332745,0.01235657546337158,0.00617828773168579,0.00617828773168579,0.03419452887537994,0.02127659574468085,0.03571428571428571,0.09422492401215805,0.06610942249240122,0.05167173252279635,0.08966565349544073,0.09650455927051672,0.10030395136778116,0.001519756838905775,0.00303951367781155,0.001519756838905775,0.07750759878419453,0.025835866261398176,0.0980243161094225,0.00303951367781155,0.053951367781155016,0.023556231003039513,0.047872340425531915,0.044832826747720364
19,Brookhaven-Amesbury(30),0.6568765885343123,0.34312341146568764,0.06721265179327873,0.025416548997458346,0.26941541937305846,0.07060152499293985,0.10618469358938153,0.002824060999717594,0.061846935893815305,0.0073425585992657446,0.002824060999717594,0.0005648121999435188,0.12403951701427003,0.04226125137211855,0.05433589462129528,0.11525795828759605,0.021953896816684963,0.10153677277716795,0.043907793633369926,0.10043907793633369,0.06366630076838639,0.0021953896816684962,0.004939626783754116,0.0010976948408342481,0.045554335894621295,0.021953896816684963,0.045554335894621295,0.0010976948408342481,0.08122941822173436,0.01756311745334797,0.05214050493962678,0.02305159165751921
20,Cabbagetown-South St. James Town(71),0.28844404003639673,0.7111010009099181,0.04777070063694268,0.06551410373066424,0.04640582347588717,0.04413102820746133,0.023657870791628753,0.010009099181073703,0.011373976342129208,0.004549590536851683,0.008644222020018199,0.0031847133757961785,0.028198074277854195,0.02200825309491059,0.029573590096286108,0.07427785419532325,0.07977991746905089,0.02200825309491059,0.10522696011004126,0.09972489683631362,0.0907840440165062,0.0,0.002751031636863824,0.0,0.07840440165061899,0.02269601100412655,0.1375515818431912,0.0034387895460797797,0.039202200825309494,0.030949105914718018,0.057083906464924346,0.055020632737276476
21,Caledonia-Fairbank(109),0.3619384149419485,0.6380615850580514,0.023220595658758204,0.023725391216557295,0.08682483594144372,0.08985360928823827,0.08329126703685008,0.0,0.016153457849570924,0.0010095911155981827,0.003028773346794548,0.0010095911155981827,0.0793507664562669,0.027051397655545536,0.032461677186654644,0.1127141568981064,0.016230838593327322,0.16771866546438233,0.05500450856627592,0.09377817853922453,0.07303877366997295,0.0018034265103697023,0.0,0.0,0.04959422903516682,0.030658250676284943,0.05320108205590622,0.0018034265103697023,0.0793507664562669,0.014427412082957619,0.06311992786293959,0.020739404869251576
22,Casa Loma(96),0.17179604960955444,0.8291226458429031,0.03307303628847037,0.03858520900321544,0.02572347266881029,0.0078089113458888375,0.02067064768029398,0.0059715204409738175,0.005052824988516307,0.0059715204409738175,0.010105649977032614,0.007349563619660083,0.026254826254826256,0.023166023166023165,0.013127413127413128,0.06640926640926641,0.06563706563706563,0.023166023166023165,0.10733590733590734,0.10038610038610038,0.04633204633204633,0.0015444015444015444,0.0,0.0023166023166023165,0.09111969111969112,0.05019305019305019,0.22316602316602316,0.003861003861003861,0.03088803088803089,0.023166023166023165,0.047104247104247106,0.03861003861003861
23,Centennial Scarborough(133),0.43553223388305845,0.5640929535232384,0.18553223388305848,0.05322338830584707,0.07083958020989506,0.0588455772113943,0.008620689655172414,0.013118440779610194,0.004122938530734633,0.0074962518740629685,0.0029985007496251873,0.006371814092953523,0.05288796102992345,0.029227557411273485,0.03549060542797495,0.08698677800974251,0.04453723034098817,0.04523312456506611,0.10647181628392484,0.10925539318023661,0.04244954766875435,0.0,0.011830201809324982,0.0013917884481558804,0.11482254697286012,0.029227557411273485,0.10090466249130133,0.0041753653444676405,0.03618649965205289,0.023660403618649965,0.031315240083507306,0.06402226861517049
24,Church-Yonge Corridor(75),0.41049331793433425,0.5900016498927569,0.082824616399934,0.12654677445966012,0.04834185777924435,0.024913380630259035,0.02293350932189408,0.02062365946213496,0.0105593136446131,0.01649892756970797,0.0219435736677116,0.007754495957762745,0.02471395881006865,0.020366132723112128,0.02608695652173913,0.07643020594965676,0.06773455377574371,0.016018306636155607,0.09016018306636156,0.08787185354691075,0.07528604118993135,0.0009153318077803204,0.005034324942791762,0.0004576659038901602,0.1160183066361556,0.02356979405034325,0.182837528604119,0.0038901601830663617,0.03729977116704806,0.03318077803203661,0.034782608695652174,0.0494279176201373
25,Clairlea-Birchmount(120),0.6126640045636053,0.38733599543639474,0.23350446853013881,0.08062369271724662,0.10154021677124929,0.11941433732648793,0.01426126640045636,0.006084806997528047,0.009507510933637574,0.007035558090891804,0.004183304810800532,0.0068454078722190535,0.07359154929577465,0.027816901408450705,0.052464788732394366,0.11232394366197183,0.02992957746478873,0.052464788732394366,0.0630281690140845,0.11549295774647887,0.09471830985915493,0.0007042253521126761,0.0024647887323943664,0.0,0.08028169014084507,0.02640845070422535,0.0721830985915493,0.002112676056338028,0.05880281690140845,0.013380281690140845,0.04612676056338028,0.03943661971830986
26,Clanton Park(33),0.38398294762484775,0.6160170523751523,0.024360535931790498,0.030450669914738125,0.0341047503045067,0.20188794153471376,0.015529841656516443,0.009439707673568819,0.012789281364190013,0.010048721071863581,0.010657734470158343,0.0030450669914738123,0.06576819407008086,0.04097035040431267,0.03234501347708895,0.09218328840970351,0.02371967654986523,0.050673854447439354,0.0862533692722372,0.12668463611859837,0.061455525606469004,0.00215633423180593,0.003234501347708895,0.0,0.06091644204851752,0.03557951482479784,0.1045822102425876,0.00215633423180593,0.04743935309973046,0.018328840970350403,0.08733153638814016,0.036657681940700806
27,Cliffcrest(123),0.41569123695033217,0.5843087630496678,0.18981335020563114,0.04840240430243594,0.06263840556785827,0.04903511546978804,0.008541600759253401,0.00506168933881683,0.0037962670041126224,0.010439734261309713,0.0034799114204365706,0.005694400506168934,0.0603290676416819,0.027422303473491772,0.04204753199268738,0.09567336989640463,0.043875685557586835,0.07068860450944546,0.08287629494210846,0.08348567946374162,0.06093845216331505,0.0,0.006703229737964655,0.001218769043266301,0.08531383302864107,0.03351614868982328,0.09811090798293723,0.002437538086532602,0.0591102985984156,0.02010968921389397,0.04204753199268738,0.04753199268738574
28,Corso Italia-Davenport(92),0.25141843971631206,0.749645390070922,0.02304964539007092,0.03156028368794326,0.046453900709219856,0.02624113475177305,0.08049645390070923,0.0031914893617021275,0.00673758865248227,0.005673758865248227,0.004609929078014184,0.00425531914893617,0.04993983152827918,0.027677496991576414,0.03429602888086643,0.09807460890493382,0.052346570397111915,0.11853188929001203,0.0842358604091456,0.07340553549939831,0.07220216606498195,0.0,0.00421179302045728,0.0024067388688327317,0.05535499398315283,0.019855595667870037,0.08363417569193743,0.0012033694344163659,0.0631768953068592,0.03910950661853189,0.049338146811071,0.04512635379061372
29,Danforth(66),0.2584679520583637,0.7410109431995832,0.07347576862949452,0.08546117769671704,0.03543512245961438,0.009379885356956748,0.008858780614903595,0.0026055237102657635,0.006774361646690985,0.003126628452318916,0.006774361646690985,0.009379885356956748,0.03676470588235294,0.02297794117647059,0.019301470588235295,0.08731617647058823,0.04963235294117647,0.03768382352941176,0.10845588235294118,0.09375,0.08639705882352941,0.0,0.004595588235294118,0.001838235294117647,0.08455882352941177,0.02297794117647059,0.13878676470588236,0.0,0.03125,0.04044117647058824,0.05422794117647059,0.06158088235294118
30,Danforth East York(59),0.2980093676814988,0.7016978922716628,0.06030444964871194,0.0895784543325527,0.040983606557377046,0.02576112412177986,0.01756440281030445,0.0055620608899297425,0.00819672131147541,0.009074941451990632,0.00819672131147541,0.01522248243559719,0.0403611258629846,0.026022304832713755,0.026022304832713755,0.088688263409453,0.07010090281465746,0.05363781200212427,0.11258629845990441,0.11949017525225704,0.064259160913436,0.0010621348911311736,0.0053106744556558685,0.0,0.07594264471587892,0.01858736059479554,0.11577270313329793,0.003186404673393521,0.03983005841741901,0.03027084439723845,0.044078597981943704,0.04938927243759957
31,Don Valley Village(47),0.7092264678471575,0.2905871388630009,0.10773532152842498,0.2594594594594595,0.04790307548928239,0.08089468779123951,0.02050326188257223,0.03299161230195713,0.007082945013979497,0.09133271202236719,0.031127679403541473,0.005032618825722274,0.08258204111071042,0.03498016588532275,0.03786512802019473,0.09376126938333934,0.03137396321673278,0.05012621709340065,0.06671474936891453,0.10638297872340426,0.06707536963577353,0.00144248106743599,0.0032455824017309774,0.0,0.0869094843130184,0.030292102416155788,0.1287414352686621,0.00144248106743599,0.05409304002884962,0.01153984853948792,0.04183195095564371,0.031013342949873783
32,Dorset Park(126),0.7768662838392125,0.22313371616078753,0.2971698113207547,0.11259228876127973,0.09044298605414273,0.14068908941755537,0.011074651353568499,0.033223954060705496,0.010869565217391304,0.03260869565217391,0.001025430680885972,0.0026661197703035273,0.1175314465408805,0.03930817610062893,0.04363207547169811,0.11871069182389937,0.020833333333333332,0.04481132075471698,0.0514937106918239,0.11320754716981132,0.09512578616352202,0.0,0.0023584905660377358,0.0,0.06367924528301887,0.027122641509433963,0.06171383647798742,0.0023584905660377358,0.07232704402515723,0.014937106918238994,0.042059748427672954,0.02908805031446541
33,Dovercourt-Wallace Emerson-Junction(93),0.33899475283070973,0.6610052471692902,0.05813311239988953,0.07801712234189451,0.058271195802264565,0.016846175089754212,0.04170118751726042,0.004971002485501243,0.027616680475006903,0.00579950289975145,0.012013256006628004,0.006766086716376692,0.05016797312430011,0.024860022396416572,0.02642777155655095,0.10391937290033594,0.06338185890257558,0.07950727883538634,0.09048152295632698,0.07704367301231803,0.09966405375139978,0.0008958566629339306,0.00425531914893617,0.0015677491601343784,0.05307950727883538,0.022396416573348264,0.10302351623740201,0.0029115341545352742,0.04927211646136618,0.0387458006718925,0.05106382978723404,0.03628219484882419
34,Downsview-Roding-CFB(26),0.5732647814910026,0.4268780348471865,0.03941730934018852,0.022279348757497857,0.1558126249642959,0.12953441873750357,0.10297057983433305,0.00728363324764353,0.058983147672093686,0.01456726649528706,0.0037132247929163096,0.0014281633818908884,0.13937378775284012,0.032418952618453865,0.05264616237184816,0.10196730396231643,0.017456359102244388,0.11554447215295095,0.05126073704627321,0.09365475200886672,0.06760875588805763,0.0011083402604599613,0.003047935716264893,0.0005541701302299807,0.04765863119977833,0.02022720975339429,0.046550290939318374,0.0022166805209199226,0.07786090329731228,0.012468827930174564,0.057356608478802994,0.031864782488223886
35,Dufferin Grove(83),0.30999146029035013,0.6900085397096499,0.056789069171648165,0.0721605465414176,0.05081127241673783,0.014517506404782237,0.04184457728437233,0.007685738684884714,0.020068317677198976,0.003842869342442357,0.010247651579846286,0.005123825789923143,0.0496031746031746,0.023148148148148147,0.027116402116402115,0.07539682539682539,0.10119047619047619,0.06547619047619048,0.08796296296296297,0.083994708994709,0.10185185185185185,0.0,0.0026455026455026454,0.0013227513227513227,0.0496031746031746,0.02447089947089947,0.1111111111111111,0.0026455026455026454,0.056216931216931214,0.046957671957671955,0.03902116402116402,0.03373015873015873
36,East End-Danforth(62),0.3081865778200857,0.6918134221799144,0.0809138505473584,0.06306520704426463,0.061161351737267965,0.032603522132317944,0.013089005235602094,0.006901475487862923,0.004521656354117087,0.007377439314612089,0.009043312708234174,0.007853403141361256,0.037985136251032205,0.02064409578860446,0.031791907514450865,0.09083402146985962,0.07390586292320396,0.04087530966143683,0.09950454170107349,0.10074318744838975,0.06234516928158547,0.002477291494632535,0.00495458298926507,0.002064409578860446,0.07555739058629232,0.022708505367464906,0.12180016515276632,0.0033030553261767133,0.04376548307184145,0.03839801816680429,0.0458298926507019,0.05078447563996697
37,Edenbridge-Humber Valley(9),0.21263989466754443,0.7886767610269915,0.025674786043449638,0.024358130348913758,0.05233706385780119,0.013166556945358789,0.044437129690585914,0.0065832784726793945,0.003620803159973667,0.003620803159973667,0.017774851876234364,0.0065832784726793945,0.066429418742586,0.04092526690391459,0.04744958481613286,0.09489916963226572,0.021945432977461446,0.07295373665480427,0.0753262158956109,0.09489916963226572,0.045670225385527875,0.0017793594306049821,0.006524317912218268,0.002372479240806643,0.09430604982206406,0.03795966785290629,0.12514827995255043,0.0017793594306049821,0.04092526690391459,0.018979833926453145,0.0468564650059312,0.04329774614472123
38,Eglinton East(138),0.7803727823938917,0.2191780821917808,0.2914888838984954,0.04019761958230406,0.18549292611722434,0.13339321805524365,0.01796541657309679,0.010779249943858073,0.008758140579384684,0.024927015495171793,0.001796541657309679,0.0029193801931282283,0.08793264733395698,0.02806361085126286,0.047708138447146865,0.12067352666043031,0.02666043030869972,0.047708138447146865,0.04443405051449953,0.1225444340505145,0.10523854069223573,0.0009354536950420954,0.005144995322731525,0.0018709073900841909,0.06314312441534144,0.023854069223573433,0.0608044901777362,0.0,0.08091674462114125,0.010757717492984098,0.04957904583723106,0.019644527595884004
39,Elms-Old Rexdale(5),0.6739015352038116,0.3266278454208576,0.08893594494441504,0.01111699311805188,0.31021704605611433,0.04923239809422975,0.08099523557437797,0.004235044997353097,0.039174166225516144,0.030174695606140816,0.01111699311805188,0.0015881418740074113,0.11003236245954692,0.04422869471413161,0.09061488673139159,0.11650485436893204,0.023732470334412083,0.06472491909385113,0.05609492988133765,0.10787486515641856,0.06040992448759439,0.0,0.0,0.0,0.043149946062567425,0.019417475728155338,0.05177993527508091,0.004314994606256742,0.07335490830636461,0.010787486515641856,0.040992448759439054,0.03128371089536138
40,Englemount-Lawrence(32),0.4047074954296161,0.5955210237659964,0.016681901279707496,0.01782449725776965,0.10534734917733089,0.18053016453382084,0.025137111517367458,0.004113345521023766,0.009826325411334552,0.008226691042047532,0.007998171846435101,0.0011425959780621572,0.055762081784386616,0.03438661710037175,0.03485130111524164,0.1008364312267658,0.022304832713754646,0.03903345724907063,0.09804832713754646,0.13197026022304834,0.06505576208178439,0.0009293680297397769,0.0018587360594795538,0.0,0.05901486988847584,0.03531598513011153,0.09572490706319703,0.0027881040892193307,0.05436802973977695,0.017657992565055763,0.09061338289962825,0.026022304832713755
41,Eringate-Centennial-West Deane(11),0.27692307692307694,0.7230769230769231,0.06882591093117409,0.04264507422402159,0.05263157894736842,0.024021592442645075,0.021592442645074223,0.007827260458839407,0.005937921727395412,0.006747638326585695,0.021052631578947368,0.005398110661268556,0.07772277227722772,0.04455445544554455,0.06188118811881188,0.10247524752475247,0.030693069306930693,0.07277227722772277,0.09257425742574257,0.09306930693069307,0.05,0.0,0.00891089108910891,0.0009900990099009901,0.06386138613861386,0.020297029702970298,0.0896039603960396,0.0014851485148514852,0.05148514851485148,0.02178217821782178,0.04405940594059406,0.04702970297029703
42,Etobicoke West Mall(13),0.39424334932402966,0.6061927605756651,0.10161360662887048,0.029219363279546447,0.06890536415176625,0.05538595726122983,0.03881378107283035,0.014827736589620584,0.013519406890536415,0.02529437418229394,0.02573048408198866,0.0026166593981683385,0.08885424785658613,0.04676539360872954,0.0740452065471551,0.10054559625876851,0.020265003897116135,0.06703039750584568,0.06313328137178488,0.0818394388152767,0.08261886204208885,0.0,0.003117692907248636,0.001558846453624318,0.05845674201091192,0.021044427123928292,0.09041309431021044,0.001558846453624318,0.06391270459859703,0.021044427123928292,0.042868277474668745,0.041309431021044424
43,Flemingdon Park(44),0.785763175906913,0.21423682409308692,0.3490759753593429,0.04631530914898471,0.0971937029431896,0.10358202144649784,0.01779603011635866,0.016883413187314626,0.010495094684006388,0.0999315537303217,0.011407711613050422,0.002053388090349076,0.0706713780918728,0.028773346794548207,0.05603230691569914,0.12417970721857648,0.031297324583543666,0.039878849066128215,0.05401312468450278,0.10146390711761737,0.09692074709742554,0.0,0.003028773346794548,0.0,0.05653710247349823,0.024734982332155476,0.0757193336698637,0.003028773346794548,0.0817768803634528,0.015648662291771833,0.05502271580010096,0.028268551236749116
44,Forest Hill North(102),0.281767955801105,0.7182320441988951,0.013417521704814523,0.020915548539857932,0.03946329913180742,0.12588792423046566,0.03314917127071823,0.005130228887134964,0.0015785319652722968,0.013022888713496448,0.009076558800315706,0.004340962904498816,0.03920265780730897,0.03255813953488372,0.0212624584717608,0.08172757475083056,0.029235880398671095,0.03986710963455149,0.08637873754152824,0.15083056478405316,0.06578073089700996,0.0,0.0019933554817275745,0.0026578073089701,0.06843853820598006,0.04186046511627907,0.1574750830564784,0.0033222591362126247,0.04318936877076412,0.02724252491694352,0.05847176079734219,0.02724252491694352
45,Forest Hill South(101),0.16745283018867924,0.8320754716981132,0.02311320754716981,0.04339622641509434,0.019339622641509433,0.03160377358490566,0.013207547169811321,0.0037735849056603774,0.007075471698113208,0.008490566037735849,0.0042452830188679245,0.0033018867924528303,0.02457002457002457,0.028665028665028666,0.014742014742014743,0.07452907452907453,0.043407043407043405,0.02702702702702703,0.06797706797706797,0.13841113841113842,0.051597051597051594,0.0,0.003276003276003276,0.0,0.11056511056511056,0.05978705978705979,0.18755118755118755,0.004914004914004914,0.02293202293202293,0.028665028665028666,0.05733005733005733,0.036036036036036036
46,Glenfield-Jane Heights(25),0.7664680569347898,0.23386295928500497,0.07116848725587553,0.038728897715988087,0.24362793776895067,0.05014895729890765,0.12181396888447533,0.011420059582919563,0.13190996358821583,0.014068189341277723,0.00033101621979476995,0.00033101621979476995,0.18445518780215694,0.039419858683525474,0.06061732986240238,0.10784678319077724,0.012644105615470434,0.08404611379695054,0.04016362960208256,0.09594644849386388,0.07400520639642989,0.0,0.0014875418371141688,0.0029750836742283376,0.027891409445890667,0.013759761993306061,0.030494607660840462,0.0007437709185570844,0.08516177017478617,0.012272220156191893,0.05206396429899591,0.01859427296392711
47,Greenwood-Coxwell(65),0.3911682892906815,0.6088317107093185,0.07440890125173853,0.14534075104311545,0.06536856745479833,0.02086230876216968,0.014255910987482615,0.005563282336578581,0.01321279554937413,0.005910987482614743,0.005910987482614743,0.008692628650904033,0.04,0.02181818181818182,0.027878787878787878,0.09212121212121212,0.08121212121212121,0.038181818181818185,0.09454545454545454,0.08303030303030302,0.08424242424242424,0.0012121212121212121,0.004242424242424243,0.0012121212121212121,0.06545454545454546,0.021212121212121213,0.13393939393939394,0.0030303030303030303,0.04181818181818182,0.034545454545454546,0.04787878787878788,0.056363636363636366
48,Guildwood(140),0.29740932642487045,0.7031088082901554,0.0844559585492228,0.02849740932642487,0.06476683937823834,0.05077720207253886,0.012435233160621761,0.0031088082901554403,0.007253886010362694,0.00466321243523316,0.00466321243523316,0.010362694300518135,0.04426559356136821,0.04426559356136821,0.04426559356136821,0.0925553319919517,0.04627766599597585,0.06237424547283702,0.11167002012072434,0.10160965794768612,0.047283702213279676,0.004024144869215292,0.014084507042253521,0.0,0.0744466800804829,0.023138832997987926,0.10865191146881288,0.002012072434607646,0.03722334004024145,0.02112676056338028,0.04124748490945674,0.05432595573440644
49,Henry Farm(53),0.765510658606427,0.23417117403754376,0.21412663060769965,0.19599109131403117,0.051543111676741964,0.07636016544702513,0.02322621699013681,0.051224944320712694,0.007317849188673242,0.07986000636334713,0.028316894686605153,0.003181673560292714,0.06333527019174898,0.0337013364323068,0.03137710633352702,0.10865775711795468,0.039511911679256245,0.03834979662986636,0.05810575246949448,0.08134805345729228,0.07960488088320744,0.002324230098779779,0.005810575246949448,0.0011621150493898896,0.1011040092969204,0.03312027890761186,0.1661824520627542,0.002324230098779779,0.05520046484601976,0.009877977919814061,0.031958163858221963,0.020918070889018012
50,High Park North(88),0.23768049507219802,0.7627779051111621,0.04354801741920697,0.038047215218886085,0.03460921384368554,0.017419206967682788,0.03162961265184506,0.01031400412560165,0.008480403392161356,0.010084804033921613,0.017419206967682788,0.008022003208801283,0.045968624589565854,0.029186428310835462,0.03210507114191901,0.06968259759211966,0.06056183874498358,0.039401678219627874,0.1079897847500912,0.09230207953301715,0.070777088653776,0.0018241517694272164,0.005107624954396206,0.0021889821233126595,0.08464064210142284,0.01933600875592849,0.16490331995622035,0.0036483035388544327,0.03684786574242977,0.03319956220357534,0.0379423568040861,0.044874133527909525
51,High Park-Swansea(87),0.19117961892528368,0.8086062941554271,0.03425390708627703,0.03168486405480625,0.036608863198458574,0.013915649753800044,0.020338257332476985,0.006422607578676943,0.010276172125883108,0.003639477627916934,0.011560693641618497,0.006422607578676943,0.04509466437177281,0.03476764199655766,0.03098106712564544,0.07607573149741824,0.0685025817555938,0.03545611015490534,0.10602409638554217,0.0919104991394148,0.054388984509466436,0.001376936316695353,0.005507745266781412,0.0006884681583476765,0.0819277108433735,0.029604130808950087,0.15731497418244406,0.004819277108433735,0.033734939759036145,0.04027538726333907,0.039242685025817556,0.04612736660929432
52,Highland Creek(134),0.7452868030485359,0.255515443241075,0.3622141997593261,0.07661452065784195,0.12434817488969113,0.0645808263136783,0.016446048937023665,0.00681909346169274,0.00681909346169274,0.008022462896109106,0.010429201764941836,0.002807862013638187,0.09166040570999248,0.03305785123966942,0.049586776859504134,0.10067618332081142,0.02629601803155522,0.045078888054094664,0.08039068369646882,0.10518407212622088,0.06311044327573254,0.0,0.011269722013523666,0.003005259203606311,0.09992486851990984,0.02329075882794891,0.07362885048835462,0.005259203606311044,0.058602554470323066,0.012021036814425245,0.049586776859504134,0.0405709992486852
53,Hillcrest Village(48),0.7558380135973988,0.24416198640260123,0.09015666568134792,0.48625480342890925,0.03665385752290866,0.018031333136269583,0.01300620750812888,0.010641442506650901,0.0053207212533254505,0.03842743127401715,0.03842743127401715,0.0035471475022169673,0.07944514501891552,0.03783102143757881,0.038461538461538464,0.09205548549810845,0.034047919293820936,0.03467843631778058,0.06872635561160151,0.11790668348045397,0.058638083228247165,0.0025220680958385876,0.004413619167717529,0.0,0.09836065573770492,0.03467843631778058,0.14754098360655737,0.0012610340479192938,0.03909205548549811,0.009457755359394703,0.03026481715006305,0.03026481715006305
54,Humber Heights-Westmount(8),0.2713791398912506,0.7281265447355413,0.03213049925852694,0.009886307464162136,0.11369253583786455,0.01680672268907563,0.04794859120118636,0.004943153732081068,0.002471576866040534,0.005931784478497282,0.013346515076618883,0.0,0.0673828125,0.037109375,0.052734375,0.0986328125,0.0244140625,0.095703125,0.0966796875,0.0947265625,0.05078125,0.0,0.001953125,0.0,0.072265625,0.02734375,0.0810546875,0.0,0.0546875,0.0185546875,0.0537109375,0.0390625
55,Humber Summit(21),0.6561870213623539,0.3438129786376461,0.2893994357114067,0.010882708585247884,0.1479242241031842,0.02781136638452237,0.07214832728738411,0.01652559451833938,0.0354695687222894,0.020556227327690448,0.0036275695284159614,0.0,0.15377932232841007,0.036490008688097306,0.09296264118158123,0.1259774109470026,0.014769765421372719,0.0790616854908775,0.045178105994787145,0.07558644656820157,0.08079930495221546,0.0034752389226759338,0.0069504778453518675,0.0017376194613379669,0.03301476976542137,0.016507384882710686,0.03735881841876629,0.0017376194613379669,0.07037358818418767,0.01737619461337967,0.05821025195482189,0.013900955690703735
56,Humbermede(22),0.7705181847441261,0.22948181525587383,0.21081429031219825,0.02413904087544255,0.221435468297393,0.05664628258770518,0.11779851947215964,0.009977470228516253,0.06984229159961378,0.009333762471837787,0.0041841004184100415,0.002252977148374638,0.17801047120418848,0.041884816753926704,0.07787958115183247,0.09620418848167539,0.0137434554973822,0.08507853403141362,0.04057591623036649,0.08835078534031414,0.07526178010471204,0.0,0.0013089005235602095,0.0013089005235602095,0.034031413612565446,0.014397905759162303,0.04581151832460733,0.002617801047120419,0.08769633507853403,0.015052356020942409,0.04581151832460733,0.016361256544502618
57,Humewood-Cedarvale(106),0.28787346221441124,0.7117750439367311,0.02249560632688928,0.020738137082601055,0.04991212653778559,0.10087873462214411,0.03725834797891037,0.008084358523725835,0.00562390158172232,0.003866432337434095,0.01054481546572935,0.00843585237258348,0.04161979752530934,0.02080989876265467,0.01799775028121485,0.0922384701912261,0.05511811023622047,0.03655793025871766,0.10854893138357705,0.11136107986501688,0.07592800899887514,0.0011248593925759281,0.0,0.0011248593925759281,0.05961754780652419,0.0281214848143982,0.1529808773903262,0.0,0.04105736782902137,0.02924634420697413,0.08042744656917886,0.02924634420697413
58,Ionview(125),0.7310800881704629,0.2689199118295371,0.27406318883174136,0.0440852314474651,0.12527553269654665,0.1763409257898604,0.01653196179279941,0.017266715650257163,0.009919177075679648,0.012858192505510653,0.002571638501102131,0.0007347538574577516,0.09196234612599566,0.03403330919623461,0.042722664735698766,0.12527154236060825,0.029688631426502535,0.04634322954380883,0.044170890658942794,0.1274438812454743,0.09703113685734975,0.001448225923244026,0.003620564808110065,0.0,0.07241129616220131,0.020275162925416364,0.06734250543084722,0.002896451846488052,0.07168718320057929,0.010861694424330196,0.048515568428674875,0.02896451846488052
59,Islington-City Centre West(14),0.3709658762290341,0.6291497975708502,0.08155002891844997,0.04337767495662233,0.07067669172932331,0.038750722961249276,0.03076923076923077,0.015731636784268362,0.011336032388663968,0.012261422787738577,0.03747831116252169,0.004511278195488722,0.058823529411764705,0.04109855862874951,0.05317491234904558,0.0909622126996494,0.039929879236462795,0.065835605765485,0.07167900272691859,0.09076743280093494,0.060381768601480326,0.001753019088430074,0.0037008180755746006,0.001168679392286716,0.08239189715621348,0.030190884300740163,0.12719127386053758,0.0021425788858589795,0.05083755356447214,0.019867549668874173,0.03525516166731593,0.043241137514608494
60,Junction Area(90),0.29534966276180336,0.7046503372381967,0.03727369542066028,0.06283280085197018,0.039048633297834576,0.043663471778487756,0.034788782392616256,0.002129925452609159,0.028044018459353923,0.0024849130280440185,0.004969826056088037,0.008164714235001775,0.06021384355655599,0.032076533483398985,0.029262802476083285,0.09454136184580754,0.056837366347777155,0.06077658975801913,0.10973550928531232,0.0827236916150816,0.06021384355655599,0.0011254924029262803,0.0,0.0022509848058525606,0.056274620146314014,0.021947101857062466,0.11367473269555431,0.005627462014631401,0.04670793472144063,0.04389420371412493,0.05233539673607203,0.04727068092290377
61,Keelesdale-Eglinton West(110),0.425531914893617,0.5749207786328655,0.08284291534631055,0.014486192847442281,0.10819375282933454,0.06880941602535083,0.08239022181982798,0.0022634676324128564,0.030330466274332276,0.006790402897238569,0.0018107741059302852,0.0036215482118605704,0.09654561558901682,0.030115146147032774,0.04428697962798937,0.10717449069973428,0.023029229406554472,0.15854738706820196,0.046058458813108945,0.08768821966341896,0.06908768821966342,0.0,0.001771479185119575,0.001771479185119575,0.03720106288751107,0.02745792736935341,0.05225863596102746,0.0,0.08945969884853854,0.013286093888396812,0.054030115146147036,0.02745792736935341
62,Kennedy Park(124),0.6950292397660819,0.3049707602339181,0.2435672514619883,0.060526315789473685,0.12456140350877193,0.15146198830409358,0.014619883040935672,0.009649122807017544,0.014035087719298246,0.01023391812865497,0.0029239766081871343,0.0043859649122807015,0.09224441833137485,0.019388954171562868,0.05464159811985899,0.11515863689776733,0.029964747356051705,0.052878965922444184,0.04230317273795535,0.12338425381903642,0.09694477085781433,0.0011750881316098707,0.0023501762632197414,0.0,0.06933019976498238,0.024676850763807285,0.05992949471210341,0.0011750881316098707,0.07638072855464159,0.01410105757931845,0.04759106933019976,0.029964747356051705
63,Kensington-Chinatown(78),0.6026926382125466,0.39759381266112864,0.043540532798625034,0.34803781151532515,0.05041535376682899,0.02549412775708966,0.018046405041535377,0.01718705242050988,0.03351475221999427,0.011171584073331424,0.01890575766256087,0.012603838441707248,0.033630069238377844,0.016815034619188922,0.018793273986152326,0.10484668644906034,0.06429277942631058,0.02373887240356083,0.09149357072205737,0.08358061325420375,0.1394658753709199,0.0009891196834817012,0.0034619188921859545,0.002472799208704253,0.06973293768545995,0.01730959446092977,0.14391691394658754,0.002967359050445104,0.036597428288822946,0.04253214638971316,0.04253214638971316,0.0351137487636004
64,Kingsview Village-The Westway(6),0.597361237488626,0.40195632393084624,0.1651501364877161,0.0186533212010919,0.2429481346678799,0.031164695177434032,0.044585987261146494,0.01251137397634213,0.012283894449499545,0.024340309372156504,0.009554140127388535,0.0015923566878980893,0.0935672514619883,0.03654970760233918,0.08576998050682261,0.1023391812865497,0.02290448343079922,0.0769980506822612,0.057504873294346975,0.09892787524366471,0.07797270955165692,0.0014619883040935672,0.00341130604288499,0.0009746588693957114,0.046296296296296294,0.018031189083820662,0.06530214424951267,0.0029239766081871343,0.0769980506822612,0.021442495126705652,0.04191033138401559,0.027777777777777776
65,Kingsway South(15),0.12002182214948172,0.8794326241134752,0.02236770321876705,0.03273322422258593,0.00872885979268958,0.012002182214948172,0.006001091107474086,0.002182214948172395,0.002727768685215494,0.00436442989634479,0.014729950900163666,0.004909983633387889,0.054336468129571575,0.051201671891327065,0.019853709508881923,0.07836990595611286,0.035527690700104496,0.03657262277951933,0.08045977011494253,0.08463949843260188,0.034482758620689655,0.0020898641588296763,0.0041797283176593526,0.0,0.14211076280041798,0.04075235109717868,0.1755485893416928,0.006269592476489028,0.03657262277951933,0.022988505747126436,0.035527690700104496,0.03970741901776385
66,Lambton Baby Point(114),0.24420788979336255,0.7551659361302442,0.033813400125234816,0.021916092673763307,0.10457107075767064,0.021289918597370068,0.01878522229179712,0.005009392611145898,0.004383218534752661,0.0068879148403256105,0.006261740763932373,0.0012523481527864746,0.04404761904761905,0.036904761904761905,0.030952380952380953,0.09642857142857143,0.05238095238095238,0.04047619047619048,0.1130952380952381,0.09166666666666666,0.03214285714285714,0.002380952380952381,0.004761904761904762,0.002380952380952381,0.09166666666666666,0.02261904761904762,0.1380952380952381,0.005952380952380952,0.047619047619047616,0.02976190476190476,0.05119047619047619,0.039285714285714285
67,L'Amoreaux(117),0.7710344827586207,0.2286206896551724,0.1664367816091954,0.37160919540229886,0.08333333333333333,0.05735632183908046,0.00954022988505747,0.022758620689655173,0.006436781609195402,0.018160919540229886,0.004482758620689655,0.0033333333333333335,0.11423841059602649,0.04422894985808893,0.03429517502365184,0.12488174077578051,0.022469252601702933,0.04422894985808893,0.05581835383159887,0.0967360454115421,0.08656575212866603,0.000946073793755913,0.0033112582781456954,0.000946073793755913,0.07166508987701041,0.023651844843897825,0.07876064333017975,0.001892147587511826,0.06267738883632923,0.011352885525070956,0.04777672658467361,0.02294228949858089
68,Lansing-Westgate(38),0.43137254901960786,0.5689386865857454,0.06255835667600373,0.10830999066293184,0.025210084033613446,0.06504824151882975,0.014939309056956116,0.011515717398070339,0.0056022408963585435,0.06069094304388422,0.054466230936819175,0.004357298474945534,0.048939641109298535,0.034801522566612286,0.03099510603588907,0.0799347471451876,0.032082653616095705,0.03806416530723219,0.089178901576944,0.11364872213159326,0.05002718868950517,0.0,0.0032626427406199023,0.002175095160413268,0.10440456769983687,0.032082653616095705,0.17509516041326809,0.002175095160413268,0.03588907014681892,0.022294725394236,0.04676454594888527,0.03806416530723219
69,Lawrence Park North(105),0.2135989010989011,0.7867445054945055,0.024381868131868132,0.08207417582417582,0.01510989010989011,0.017857142857142856,0.006868131868131868,0.0013736263736263737,0.007898351648351648,0.012706043956043956,0.020604395604395604,0.009271978021978022,0.033983637507866586,0.03335431088735054,0.01195720578980491,0.0723725613593455,0.05286343612334802,0.022655758338577723,0.10069225928256766,0.08999370673379484,0.0434235368156073,0.0062932662051604785,0.005034612964128383,0.0025173064820641915,0.14411579609817496,0.037130270610446825,0.18628067967275017,0.005663939584644431,0.028319697923222153,0.030207677784770296,0.039647577092511016,0.0446821900566394
70,Lawrence Park South(103),0.16942422236929186,0.8312375909993381,0.02084712111184646,0.057246856386499005,0.01588352084712111,0.019523494374586368,0.00727994705493051,0.001985440105890139,0.0029781601588352085,0.016214427531436135,0.00827266710787558,0.003970880211780278,0.02751196172248804,0.03289473684210526,0.01375598086124402,0.05861244019138756,0.039473684210526314,0.029904306220095694,0.09928229665071771,0.11363636363636363,0.04425837320574163,0.0011961722488038277,0.0029904306220095694,0.004784688995215311,0.14473684210526316,0.04724880382775119,0.19078947368421054,0.005382775119617225,0.030502392344497607,0.026913875598086126,0.028708133971291867,0.028708133971291867
71,Leaside-Bennington(56),0.17643522693116923,0.824165915238954,0.027051397655545536,0.0616170724376315,0.016831980763450556,0.013525698827772768,0.008415990381725278,0.004508566275924256,0.00510970844604749,0.009618274721971746,0.012022843402464683,0.004508566275924256,0.03391684901531729,0.030087527352297593,0.01586433260393873,0.07275711159737418,0.0437636761487965,0.032275711159737416,0.09518599562363239,0.09682713347921225,0.04814004376367615,0.0032822757111597373,0.00437636761487965,0.002735229759299781,0.12855579868708972,0.02954048140043764,0.1887308533916849,0.006017505470459519,0.030087527352297593,0.032275711159737416,0.04431072210065645,0.044857768052516414
72,Little Portugal(84),0.2832945865161076,0.7167054134838924,0.0295582862836267,0.0953171703752906,0.04251079375622717,0.01262039189637994,0.030222517436067752,0.0036532713384257723,0.021587512454334108,0.005645964795748921,0.01195616074393889,0.007970773829292593,0.05352112676056338,0.018309859154929577,0.022535211267605635,0.08873239436619719,0.09436619718309859,0.04976525821596244,0.07887323943661972,0.06854460093896714,0.1056338028169014,0.0,0.0018779342723004694,0.002347417840375587,0.05211267605633803,0.019248826291079813,0.1643192488262911,0.004225352112676056,0.044131455399061034,0.05352112676056338,0.03755868544600939,0.027230046948356807
73,Long Branch(19),0.22889771598808342,0.7706057596822244,0.03277060575968222,0.019860973187686197,0.04667328699106256,0.0407149950347567,0.0253227408142999,0.005461767626613704,0.012413108242303872,0.010427010923535254,0.0014895729890764648,0.0019860973187686196,0.08441558441558442,0.056818181818181816,0.05357142857142857,0.10308441558441558,0.030844155844155844,0.0625,0.07548701298701299,0.08116883116883117,0.060876623376623376,0.0,0.004058441558441558,0.003246753246753247,0.04707792207792208,0.02353896103896104,0.11038961038961038,0.004058441558441558,0.05519480519480519,0.030844155844155844,0.044642857142857144,0.03977272727272727
74,Malvern(132),0.895578658745573,0.10464983434251114,0.39906317833885524,0.07483148634753799,0.1895350165657489,0.11036216154461327,0.01759396778247458,0.008339997715069119,0.004569861761681709,0.014852050725465554,0.001713698160630641,0.0006854792642522564,0.12688075454749606,0.037278239389175835,0.05793846844823714,0.11699977543229284,0.025825286323826635,0.043566135189759714,0.04671008309005165,0.10397484841679766,0.08353918706490007,0.001571973950145969,0.0006737031214911295,0.0011228385358185494,0.0660229059061307,0.01684257803727824,0.06737031214911296,0.001571973950145969,0.08106894228609926,0.009431843700875815,0.038176510217830674,0.027621827981136313
75,Maple Leaf(29),0.4358844399391789,0.5641155600608211,0.09984794728839332,0.01419158641662443,0.08008109477952356,0.12164216928535225,0.06538266599087683,0.0035478966041561076,0.027369488089204256,0.0010136847440446021,0.00456158134820071,0.0020273694880892043,0.1145631067961165,0.027184466019417475,0.04174757281553398,0.10970873786407767,0.019417475728155338,0.10485436893203884,0.06407766990291262,0.1087378640776699,0.07961165048543689,0.001941747572815534,0.001941747572815534,0.003883495145631068,0.043689320388349516,0.02815533980582524,0.04660194174757282,0.0,0.07766990291262135,0.008737864077669903,0.06601941747572816,0.024271844660194174
76,Markland Wood(12),0.133428981348637,0.866571018651363,0.021999043519846963,0.024868483978957436,0.01721664275466284,0.009564801530368245,0.01291248206599713,0.00430416068866571,0.004782400765184123,0.004782400765184123,0.0234337637494022,0.003825920612147298,0.06691109074243813,0.04674610449129239,0.05774518790100825,0.10449129239230064,0.034830430797433545,0.06416131989000917,0.09715857011915674,0.07974335472043996,0.044912923923006415,0.0,0.00916590284142988,0.0018331805682859762,0.07882676443629698,0.025664527956003668,0.11915673693858846,0.0018331805682859762,0.0384967919340055,0.02841429880843263,0.032080659945004586,0.04857928505957837
77,Milliken(130),0.9656561780506523,0.03453568687643899,0.11818879508825787,0.7181504221028396,0.04105909439754413,0.03894858019953953,0.001343054489639294,0.006331542594013815,0.00920951650038373,0.0049884881043745204,0.0,0.001343054489639294,0.128846942962659,0.04883052933935166,0.030365203118588428,0.12515387771850636,0.019696347968814115,0.048009848173984404,0.043085761181780875,0.07550266721378744,0.14197784160853508,0.0,0.0008206811653672548,0.004924086992203529,0.07098892080426754,0.025851456709068528,0.07139926138695117,0.0008206811653672548,0.04103405826836274,0.012310217480508822,0.04103405826836274,0.024620434961017644
78,Mimico (includes Humber Bay Shores)(17),0.3120684479135395,0.6879315520864605,0.055989192434704294,0.049084359051335937,0.05193635544881417,0.0343740618432903,0.02957069948964275,0.01020714500150105,0.01215851095767037,0.010057039927949565,0.015460822575803062,0.006004202942059442,0.06876181474480152,0.05174858223062382,0.04938563327032136,0.09380907372400756,0.04489603024574669,0.05860113421550094,0.06592627599243857,0.0862476370510397,0.055765595463137994,0.0016540642722117202,0.0025992438563327033,0.0021266540642722116,0.07585066162570889,0.03449905482041588,0.13350661625708884,0.0023629489603024575,0.0500945179584121,0.022684310018903593,0.039224952741020794,0.04111531190926276
79,Morningside(135),0.7501457725947522,0.2501457725947522,0.30058309037900877,0.05131195335276968,0.17871720116618076,0.10874635568513119,0.02011661807580175,0.007871720116618075,0.012244897959183673,0.01574344023323615,0.0037900874635568515,0.0037900874635568515,0.10205245153933866,0.0330672748004561,0.05188141391106044,0.11516533637400228,0.023375142531356898,0.04846066134549601,0.05701254275940707,0.12998859749144812,0.06670467502850627,0.0,0.005131128848346636,0.002280501710376283,0.06442417331812998,0.022234891676168756,0.05872291904218928,0.0028506271379703536,0.07354618015963511,0.01539338654503991,0.042759407069555305,0.030216647662485746
80,Moss Park(73),0.4257854821235103,0.573943661971831,0.07123510292524377,0.07773564463705308,0.14030335861321777,0.023022751895991334,0.021397616468039005,0.014084507042253521,0.018418201516793065,0.015167930660888408,0.009479956663055254,0.005687973997833153,0.027980535279805353,0.017437145174371452,0.031224655312246552,0.07542579075425791,0.064882400648824,0.025547445255474453,0.058394160583941604,0.07664233576642336,0.08880778588807786,0.00283860502838605,0.0056772100567721,0.0016220600162206002,0.10827250608272507,0.026358475263584754,0.19708029197080293,0.00283860502838605,0.047039740470397405,0.041768045417680456,0.03933495539334955,0.03446877534468775
81,Mount Dennis(115),0.6791101055806938,0.3208898944193062,0.038461538461538464,0.023378582202111614,0.3288084464555053,0.06485671191553545,0.10407239819004525,0.005656108597285068,0.049396681749622924,0.007164404223227752,0.011689291101055807,0.003393665158371041,0.10152284263959391,0.02973168963016679,0.05366207396664249,0.10079767947788253,0.015228426395939087,0.11820159535895576,0.04423495286439449,0.11312545322697606,0.07614213197969544,0.0014503263234227702,0.0014503263234227702,0.0014503263234227702,0.047860768672951415,0.015228426395939087,0.03770848440899202,0.0014503263234227702,0.10297316896301668,0.013778100072516316,0.06091370558375635,0.01740391588107324
82,Mount Olive-Silverstone-Jamestown(2),0.8667377398720683,0.13326226012793177,0.337953091684435,0.008681084374048126,0.255558939993908,0.024824855315260432,0.03304904051172708,0.08071885470606154,0.017971367651538228,0.043100822418519646,0.0021321961620469083,0.0003045994517209869,0.18298881735005082,0.04134191799390037,0.08403930870891223,0.10708234496780752,0.021009827177228057,0.06370721789223992,0.036936631650288036,0.09217214503558116,0.07827854964418841,0.0006777363605557439,0.0010166045408336157,0.0027109454422229754,0.03422568620806506,0.01253812267028126,0.037953236191121655,0.0020332090816672314,0.07488986784140969,0.014571331751948491,0.039647577092511016,0.019993222636394442
83,Mount Pleasant East(99),0.2282219570405728,0.7714797136038186,0.0405727923627685,0.05906921241050119,0.028042959427207637,0.02416467780429594,0.017004773269689737,0.003579952267303103,0.0029832935560859188,0.014618138424821002,0.014319809069212411,0.008651551312649164,0.02726337448559671,0.03497942386831276,0.01646090534979424,0.0720164609053498,0.05452674897119342,0.0360082304526749,0.11419753086419752,0.09722222222222222,0.040123456790123455,0.00360082304526749,0.00720164609053498,0.0030864197530864196,0.11213991769547325,0.029320987654320986,0.18209876543209877,0.00411522633744856,0.03446502057613169,0.029835390946502057,0.041666666666666664,0.042695473251028807
84,Mount Pleasant West(104),0.3364453665283541,0.6639004149377593,0.0655255878284924,0.052385892116182574,0.040975103734439834,0.036479944674965424,0.03284923928077455,0.014177040110650069,0.0039764868603042874,0.03890041493775934,0.025760719225449515,0.008298755186721992,0.034622188526661615,0.029567854435178165,0.01617386909274703,0.0768258781905484,0.0548395248925954,0.03209502148091989,0.0904725802375537,0.09198888046499874,0.05787212534748547,0.000758150113722517,0.00429618397776093,0.0010108668182966893,0.12484205205964115,0.030578721253474855,0.1645185746777862,0.00429618397776093,0.04523629011877685,0.022744503411675512,0.048016173869092744,0.04700530705079606
85,New Toronto(18),0.3201948627103631,0.6798051372896369,0.05225863596102746,0.030115146147032774,0.11071744906997343,0.03587245349867139,0.025686448184233834,0.00841452612931798,0.009300265721877768,0.002657218777679362,0.0044286979627989375,0.005757307351638618,0.07043343653250773,0.04953560371517028,0.053405572755417956,0.0998452012383901,0.043343653250773995,0.06501547987616099,0.08126934984520123,0.08281733746130031,0.07352941176470588,0.0,0.003869969040247678,0.0023219814241486067,0.05804953560371517,0.02631578947368421,0.07662538699690402,0.0015479876160990713,0.05572755417956656,0.02863777089783282,0.04179566563467492,0.05263157894736842
86,Newtonbrook East(50),0.7221506761107533,0.2781712813908564,0.04797166773985834,0.31101094655505473,0.013200257566001287,0.02994204764971024,0.010624597553122988,0.009658725048293626,0.0070830650354153256,0.1493882807469414,0.12363168061815841,0.004507405022537025,0.0625,0.03032178217821782,0.027227722772277228,0.11571782178217822,0.027846534653465347,0.055693069306930694,0.07054455445544554,0.09096534653465346,0.06435643564356436,0.0024752475247524753,0.005569306930693069,0.0024752475247524753,0.08972772277227722,0.03155940594059406,0.1417079207920792,0.0024752475247524753,0.04517326732673267,0.01547029702970297,0.04888613861386139,0.034653465346534656
87,Newtonbrook West(36),0.5853090601185436,0.4151143099068586,0.04339542760372565,0.1121930567315834,0.020533446232006775,0.18437764606265877,0.015241320914479255,0.004445385266723116,0.007832345469940728,0.07938187976291279,0.09356477561388654,0.004233700254022015,0.08078778135048231,0.03617363344051447,0.03215434083601286,0.10610932475884244,0.02451768488745981,0.055064308681672024,0.0594855305466238,0.11454983922829581,0.07837620578778134,0.002411575562700965,0.0040192926045016075,0.0020096463022508037,0.07435691318327975,0.02491961414790997,0.10530546623794212,0.001607717041800643,0.05064308681672026,0.01929260450160772,0.06872990353697749,0.029340836012861738
88,Niagara(82),0.35036136662286466,0.6493101182654402,0.0726018396846255,0.07424441524310119,0.05371222076215506,0.025624178712220762,0.03301576872536137,0.016097240473061762,0.011990801576872536,0.011990801576872536,0.015604467805519055,0.005913272010512484,0.04065040650406504,0.04207317073170732,0.024390243902439025,0.06808943089430894,0.08434959349593496,0.025813008130081302,0.05508130081300813,0.07195121951219512,0.06910569105691057,0.002845528455284553,0.00467479674796748,0.0004065040650406504,0.11565040650406504,0.02967479674796748,0.2160569105691057,0.005691056910569106,0.028658536585365855,0.03780487804878049,0.030894308943089432,0.034959349593495934
89,North Riverdale(68),0.24101027397260275,0.759845890410959,0.034674657534246575,0.1053082191780822,0.028253424657534245,0.011558219178082191,0.01113013698630137,0.0008561643835616438,0.00898972602739726,0.0025684931506849314,0.0021404109589041095,0.011986301369863013,0.034916201117318434,0.023743016759776536,0.01675977653631285,0.07891061452513966,0.08379888268156424,0.02653631284916201,0.10963687150837989,0.10684357541899442,0.061452513966480445,0.0,0.006284916201117319,0.0,0.08519553072625698,0.02164804469273743,0.1452513966480447,0.008379888268156424,0.027932960893854747,0.039804469273743016,0.0446927374301676,0.055865921787709494
90,North St. James Town(74),0.6684827022609643,0.3309724870607464,0.205393625715064,0.04848815036774721,0.11522745845818579,0.15254698992100246,0.03350585671479161,0.02152002179242713,0.01470988831381095,0.02070280577499319,0.01770634704440207,0.004630890765459003,0.043357933579335796,0.024907749077490774,0.031826568265682656,0.11116236162361623,0.035977859778597784,0.0235239852398524,0.06872693726937269,0.09455719557195572,0.13376383763837638,0.0,0.0027675276752767526,0.0,0.06780442804428044,0.019833948339483393,0.11070110701107011,0.0023062730627306273,0.06226937269372694,0.02214022140221402,0.06549815498154982,0.03505535055350553
91,Oakridge(121),0.7531227038941954,0.24724467303453343,0.3526818515797208,0.051800146950771495,0.18368846436443792,0.049595885378398236,0.0106539309331374,0.009184423218221896,0.009184423218221896,0.0440852314474651,0.002204261572373255,0.0018368846436443791,0.056910569105691054,0.02032520325203252,0.06666666666666667,0.11626016260162601,0.028455284552845527,0.04390243902439024,0.06260162601626017,0.1016260162601626,0.12032520325203253,0.0,0.004878048780487805,0.0,0.06341463414634146,0.01869918699186992,0.061788617886178863,0.0,0.08617886178861789,0.012195121951219513,0.04065040650406504,0.02195121951219512
92,Oakwood Village(107),0.4315362595419847,0.5682251908396947,0.029818702290076337,0.04198473282442748,0.1297709923664122,0.09112595419847329,0.06321564885496184,0.005248091603053435,0.018368320610687022,0.00691793893129771,0.0057251908396946565,0.0059637404580152676,0.06655290102389079,0.021331058020477817,0.03498293515358362,0.1015358361774744,0.03668941979522184,0.08063139931740615,0.09300341296928327,0.09812286689419795,0.08020477815699659,0.0008532423208191126,0.0029863481228668944,0.0017064846416382253,0.04991467576791809,0.02218430034129693,0.09129692832764505,0.0017064846416382253,0.06569965870307168,0.029436860068259386,0.06313993174061433,0.038822525597269626
93,O'Connor-Parkview(54),0.377027027027027,0.6227027027027027,0.09351351351351352,0.03432432432432433,0.10081081081081081,0.06054054054054054,0.018378378378378378,0.008378378378378378,0.005405405405405406,0.023513513513513513,0.005405405405405406,0.007837837837837838,0.05691906005221932,0.033942558746736295,0.04543080939947781,0.10287206266318538,0.0433420365535248,0.06475195822454308,0.07571801566579635,0.09556135770234987,0.0814621409921671,0.003133159268929504,0.004699738903394256,0.004177545691906005,0.0793733681462141,0.026631853785900782,0.0835509138381201,0.0020887728459530026,0.053263707571801565,0.018798955613577025,0.044386422976501305,0.0433420365535248
94,Old East York(58),0.2681867535287731,0.7328990228013029,0.03203040173724213,0.08089033659066232,0.028773072747014114,0.04668838219326819,0.011943539630836048,0.003257328990228013,0.02062975027144408,0.010857763300760043,0.005971769815418024,0.007057546145494028,0.0390625,0.0224609375,0.0400390625,0.1005859375,0.0439453125,0.0634765625,0.0888671875,0.109375,0.0595703125,0.0,0.00390625,0.0,0.083984375,0.0234375,0.1181640625,0.001953125,0.0517578125,0.0185546875,0.05078125,0.0546875
95,Palmerston-Little Italy(80),0.21438953488372092,0.7856104651162791,0.028706395348837208,0.08248546511627906,0.023982558139534885,0.006904069767441861,0.01744186046511628,0.003997093023255814,0.0061773255813953485,0.005450581395348837,0.014534883720930232,0.009084302325581396,0.028032345013477088,0.021024258760107817,0.020485175202156335,0.07223719676549865,0.09110512129380054,0.03288409703504043,0.12021563342318059,0.08086253369272237,0.10350404312668464,0.0,0.0026954177897574125,0.003234501347708895,0.052830188679245285,0.023180592991913745,0.16172506738544473,0.00431266846361186,0.031805929919137464,0.053369272237196765,0.03773584905660377,0.04150943396226415
96,Parkwoods-Donalda(45),0.5492369709185142,0.45076302908148574,0.10394471638353009,0.08278145695364239,0.11258278145695365,0.0701122948459545,0.029513389000863807,0.04362222862078894,0.0056147422977253095,0.04606968039159228,0.016700259141952202,0.006478548805067665,0.06575342465753424,0.03671232876712329,0.03671232876712329,0.10136986301369863,0.034794520547945205,0.054246575342465755,0.06602739726027397,0.1063013698630137,0.06054794520547945,0.0013698630136986301,0.0032876712328767125,0.0016438356164383563,0.07616438356164383,0.0326027397260274,0.1063013698630137,0.00410958904109589,0.0652054794520548,0.02219178082191781,0.049589041095890414,0.03424657534246575
97,Pelmo Park-Humberlea(23),0.4361007462686567,0.5629664179104478,0.06996268656716417,0.021455223880597014,0.11194029850746269,0.045242537313432835,0.07649253731343283,0.005130597014925373,0.06576492537313433,0.004197761194029851,0.002798507462686567,0.0018656716417910447,0.10297872340425532,0.04085106382978723,0.06297872340425532,0.1097872340425532,0.01276595744680851,0.11404255319148936,0.07234042553191489,0.09446808510638298,0.04425531914893617,0.0,0.00425531914893617,0.001702127659574468,0.05361702127659575,0.023829787234042554,0.06468085106382979,0.003404255319148936,0.06382978723404255,0.016170212765957447,0.05617021276595745,0.0374468085106383
98,Playter Estates-Danforth(67),0.20418848167539266,0.7964659685863874,0.031413612565445025,0.06609947643979057,0.024869109947643978,0.011780104712041885,0.016361256544502618,0.005235602094240838,0.007853403141361256,0.0032722513089005235,0.005235602094240838,0.017015706806282723,0.026709401709401708,0.0202991452991453,0.018162393162393164,0.06623931623931624,0.07051282051282051,0.038461538461538464,0.10897435897435898,0.08440170940170941,0.06944444444444445,0.0,0.002136752136752137,0.002136752136752137,0.08226495726495726,0.018162393162393164,0.1762820512820513,0.0,0.0405982905982906,0.05235042735042735,0.041666666666666664,0.06196581196581197
99,Pleasant View(46),0.6425181904460614,0.35811452072129074,0.08288516292312559,0.35621638721923443,0.04713698196773173,0.03859538120847833,0.009174311926605505,0.025624802277760202,0.007908889591901298,0.03037013603290098,0.015817779183802595,0.006959822840873141,0.08307692307692308,0.03876923076923077,0.044307692307692305,0.09969230769230769,0.030153846153846153,0.051076923076923075,0.07938461538461539,0.09292307692307693,0.06338461538461539,0.0012307692307692308,0.005538461538461538,0.0024615384615384616,0.07753846153846154,0.031384615384615386,0.11323076923076923,0.0024615384615384616,0.04492307692307692,0.014769230769230769,0.04123076923076923,0.039384615384615386
100,Princess-Rosethorn(10),0.19058397464916252,0.80986871887732,0.05341783612494341,0.04526935264825713,0.014486192847442281,0.008148483476686284,0.014938886373924853,0.0018107741059302852,0.006790402897238569,0.007695789950203712,0.019918515165233137,0.004979628791308284,0.059422750424448216,0.0466893039049236,0.028862478777589132,0.08488964346349745,0.022071307300509338,0.06876061120543293,0.09932088285229201,0.09083191850594227,0.03735144312393888,0.001697792869269949,0.003395585738539898,0.003395585738539898,0.09168081494057725,0.04753820033955857,0.16129032258064516,0.003395585738539898,0.030560271646859084,0.02037351443123939,0.03735144312393888,0.050933786078098474
101,Regent Park(72),0.6997658079625293,0.3002341920374707,0.2594847775175644,0.12646370023419204,0.13723653395784544,0.02857142857142857,0.026697892271662763,0.0234192037470726,0.03653395784543326,0.01639344262295082,0.00702576112412178,0.002810304449648712,0.0353356890459364,0.027385159010600707,0.04240282685512368,0.09452296819787986,0.04770318021201413,0.022968197879858657,0.06713780918727916,0.09540636042402827,0.13780918727915195,0.0035335689045936395,0.0017667844522968198,0.0,0.06890459363957598,0.018551236749116608,0.10777385159010601,0.0017667844522968198,0.05742049469964664,0.04151943462897526,0.04328621908127209,0.04770318021201413
102,Rexdale-Kipling(4),0.5178571428571429,0.48166023166023164,0.13706563706563707,0.015926640926640926,0.14189189189189189,0.04971042471042471,0.08204633204633205,0.010617760617760617,0.016409266409266408,0.020752895752895753,0.0009652509652509653,0.0033783783783783786,0.11131386861313869,0.041970802919708027,0.08211678832116788,0.11952554744525548,0.017335766423357664,0.07846715328467153,0.06113138686131387,0.09762773722627738,0.05291970802919708,0.0,0.0036496350364963502,0.004562043795620438,0.040145985401459854,0.01916058394160584,0.05474452554744526,0.0,0.08576642335766424,0.016423357664233577,0.03832116788321168,0.03832116788321168
103,Rockcliffe-Smythe(111),0.4598605801664043,0.5396896784348999,0.044524398470879245,0.020912975039352372,0.15291207555655498,0.03530469979761637,0.09894310771306498,0.006521250281088374,0.057791769732403866,0.0038228018889138746,0.002473577692826625,0.00404767258826175,0.10164957646009808,0.03611234953187695,0.05751226036558181,0.11368702630405707,0.017387427552385197,0.1301827909050379,0.056620597414177444,0.08738296923762817,0.06687472135532768,0.0008916629514043691,0.0017833259028087382,0.0008916629514043691,0.04235399019170753,0.021845742309407043,0.04993312527864467,0.0026749888542131075,0.07668301382077575,0.017387427552385197,0.054837271511368704,0.02541239411502452
104,Roncesvalles(86),0.25521183591123064,0.7451244115669132,0.05615332885003362,0.03765971755211836,0.05178211163416274,0.020174848688634835,0.019502353732347006,0.004034969737726967,0.021183591123066576,0.0020174848688634837,0.004707464694014795,0.006388702084734364,0.04379157427937916,0.024944567627494457,0.024944567627494457,0.06873614190687362,0.09534368070953436,0.045454545454545456,0.10643015521064302,0.07649667405764966,0.10421286031042129,0.0011086474501108647,0.0033259423503325942,0.0022172949002217295,0.03991130820399113,0.019401330376940133,0.13913525498891352,0.003880266075388027,0.031042128603104215,0.05321507760532151,0.04933481152993348,0.043237250554323724
105,Rosedale-Moore Park(98),0.18146530810286268,0.8190198932557011,0.02935468219311014,0.05579815623483746,0.019165453663270257,0.010189228529839884,0.013100436681222707,0.007520621057738962,0.002183406113537118,0.011402231926249394,0.01455604075691412,0.006550218340611353,0.023892267593397045,0.02780191138140747,0.016072980017376195,0.06255430060816682,0.04474370112945265,0.021285838401390096,0.078627280625543,0.08470894874022589,0.03735881841876629,0.0017376194613379669,0.0017376194613379669,0.0030408340573414424,0.1476976542137272,0.0473501303214596,0.22675933970460468,0.0047784535186794095,0.03518679409209383,0.03214596003475239,0.044309296264118156,0.043440486533449174
106,Rouge(131),0.8101389491966999,0.1899696048632219,0.43801563178462877,0.04559270516717325,0.1416630481980026,0.08890577507598785,0.010746851932262267,0.008575770733825445,0.006404689535388624,0.011615284411636995,0.001411202778983934,0.0022796352583586625,0.11162979500710371,0.04140450578445301,0.05134970570326771,0.10148163182463973,0.03511264461132535,0.03470671808402679,0.06860158311345646,0.10594682362492389,0.06576009742236655,0.0016237061091942358,0.005480008118530546,0.0012177795818956768,0.09437791759691495,0.024761518165212097,0.07428455449563628,0.002638522427440633,0.057032677085447535,0.014613354982748123,0.035315607874974626,0.038157093566064545
107,Runnymede-Bloor West Village(89),0.15888778550148958,0.8406156901688183,0.02432969215491559,0.03624627606752731,0.02135054617676266,0.014399205561072492,0.011916583912611719,0.0019860973187686196,0.004965243296921549,0.0024826216484607746,0.011420059582919563,0.013406156901688183,0.04030874785591767,0.03516295025728988,0.03430531732418525,0.06174957118353345,0.06432246998284734,0.03945111492281304,0.13293310463121785,0.08490566037735849,0.036020583190394515,0.0017152658662092624,0.006003430531732418,0.0017152658662092624,0.07632933104631218,0.022298456260720412,0.17238421955403088,0.008576329331046312,0.032590051457975985,0.03344768439108062,0.04288164665523156,0.05317324185248713
108,Rustic(28),0.5955920041004613,0.4044079958995387,0.043054843669912864,0.013839056893900564,0.35417734495130704,0.036391594054331115,0.07534597642234751,0.0046130189646335215,0.02665299846232701,0.0030753459764223477,0.0,0.0,0.08536585365853659,0.041463414634146344,0.08414634146341464,0.12560975609756098,0.014634146341463415,0.0951219512195122,0.05731707317073171,0.1073170731707317,0.05731707317073171,0.0,0.0024390243902439024,0.0024390243902439024,0.041463414634146344,0.01951219512195122,0.04390243902439024,0.0024390243902439024,0.07682926829268293,0.012195121951219513,0.06463414634146342,0.03414634146341464
109,Scarborough Village(139),0.7343274497869751,0.26597687157638467,0.3359707851491175,0.023737066342057214,0.20267802799756543,0.05782105903834449,0.01704199634814364,0.00852099817407182,0.00426049908703591,0.03469263542300669,0.0012172854534388314,0.0012172854534388314,0.08222811671087533,0.033819628647214856,0.0636604774535809,0.11074270557029178,0.02453580901856764,0.034482758620689655,0.0623342175066313,0.11604774535809019,0.07294429708222812,0.0,0.005968169761273209,0.0,0.0629973474801061,0.026525198938992044,0.058355437665782495,0.002652519893899204,0.08952254641909814,0.015251989389920425,0.04509283819628647,0.033819628647214856
110,South Parkdale(85),0.4802711207939966,0.5194868070685064,0.08859840232389252,0.03292181069958848,0.1019123698862261,0.0728637133865892,0.02493343016218833,0.007988380537400145,0.03292181069958848,0.007020091987412249,0.004841442749939482,0.002904865649963689,0.04644080700418728,0.02588503996954701,0.030833650551960412,0.10658545869813475,0.06928054815378759,0.044156832889227254,0.046060144651693946,0.09744956223829464,0.14731633041492195,0.0007613247049866769,0.003806623524933384,0.0007613247049866769,0.04567948229920061,0.02702702702702703,0.09935287400076133,0.001903311762466692,0.0574800152264941,0.04567948229920061,0.04644080700418728,0.02588503996954701
111,South Riverdale(70),0.4150489924200407,0.584766130523202,0.04326123128119801,0.21445738583841745,0.051026067665002776,0.020891107413569976,0.011462377518949898,0.005916065816232206,0.024034017378443333,0.004806803475688667,0.006100942872989462,0.006470696986503975,0.05021173623714459,0.034482758620689655,0.02661826981246219,0.0780399274047187,0.0765275257108288,0.0338777979431337,0.07289776164549304,0.07471264367816093,0.0940713853599516,0.0012099213551119178,0.004234724742891712,0.002117362371445856,0.07743496672716274,0.022988505747126436,0.1588021778584392,0.003629764065335753,0.034180278281911676,0.04839685420447671,0.041742286751361164,0.04506957047791894
112,St.Andrew-Windfields(40),0.5057991513437058,0.4942008486562942,0.06082036775106082,0.21753889674681753,0.03734087694483734,0.022347949080622348,0.017256011315417256,0.010466760961810467,0.0039603960396039604,0.06336633663366337,0.04639321074964639,0.008203677510608205,0.05297297297297297,0.04216216216216216,0.02054054054054054,0.07135135135135136,0.024864864864864864,0.046486486486486484,0.06972972972972973,0.1616216216216216,0.04108108108108108,0.002162162162162162,0.004324324324324324,0.001081081081081081,0.0827027027027027,0.05675675675675676,0.15405405405405406,0.006486486486486486,0.03783783783783784,0.02108108108108108,0.04054054054054054,0.03027027027027027
113,Steeles(116),0.9097465485266846,0.0906655676900886,0.06429012981660828,0.7317123428806923,0.024520914898001237,0.024520914898001237,0.00123634865031939,0.021223985163816197,0.007005975685143211,0.00453327838450443,0.00494539460127756,0.00247269730063878,0.1042611060743427,0.05122393472348141,0.03671804170444243,0.11015412511332728,0.02402538531278332,0.04306436990027199,0.051677243880326386,0.07751586582048957,0.11922030825022666,0.0009066183136899365,0.004079782411604714,0.003626473254759746,0.08023572076155938,0.02402538531278332,0.09972801450589303,0.0009066183136899365,0.043517679057116954,0.011332728921124207,0.0471441523118767,0.022212148685403447
114,Stonegate-Queensway(16),0.18453815261044176,0.8156626506024096,0.03714859437751004,0.022690763052208834,0.023493975903614458,0.020481927710843374,0.01606425702811245,0.004417670682730923,0.01104417670682731,0.007028112449799197,0.009236947791164659,0.006024096385542169,0.06221116246000711,0.041237113402061855,0.04408105225737647,0.08993956629932456,0.03483825097760398,0.07216494845360824,0.08674013508709563,0.08922858158549592,0.04941343761109136,0.0017774617845716318,0.0067543547813722,0.002488446498400284,0.08460718094560966,0.03163881976537505,0.1336651261997867,0.004265908282971916,0.03981514397440455,0.019907571987202274,0.04265908282971916,0.043370067543547816
115,Tam O'Shanter-Sullivan(118),0.7519422863485017,0.24805771365149834,0.17351091379948205,0.3205697373288938,0.06881243063263041,0.07935627081021088,0.013318534961154272,0.021087680355160933,0.006104328523862375,0.015723270440251572,0.009433962264150943,0.006474287828338882,0.09442724458204334,0.043343653250773995,0.04373065015479876,0.11377708978328173,0.0348297213622291,0.0445046439628483,0.06385448916408669,0.09558823529411764,0.07623839009287926,0.0007739938080495357,0.006191950464396285,0.0007739938080495357,0.07894736842105263,0.02089783281733746,0.09404024767801858,0.0015479876160990713,0.06037151702786378,0.011222910216718266,0.04992260061919505,0.027476780185758515
116,Taylor-Massey(61),0.6687116564417178,0.3309654504359057,0.3858572812399096,0.043590571520826606,0.09912818856958347,0.04326767839845011,0.013884404262189216,0.007426541814659348,0.011301259283177269,0.016790442363577657,0.010332579916047788,0.003551824346141427,0.05223410950283197,0.01825047199496539,0.0446821900566394,0.10887350534927627,0.03901825047199497,0.04216488357457521,0.06104468219005664,0.09691629955947137,0.10509754562617998,0.0,0.004405286343612335,0.0012586532410320957,0.06293266205160478,0.02391441157960982,0.1000629326620516,0.0031466331025802393,0.1000629326620516,0.01762114537444934,0.042794210195091255,0.02643171806167401
117,The Beaches(63),0.13896013056656564,0.8610398694334344,0.030076941011890884,0.028678013522965725,0.01608766612263931,0.010725110748426206,0.010025647003963628,0.004196782466775472,0.007460946607600839,0.0025647003963627886,0.005362555374213103,0.005129400792725577,0.023219205037386857,0.025974025974025976,0.02085792994883904,0.06729634002361275,0.07319952774498228,0.03345139708776072,0.10901219992129083,0.08539944903581267,0.06454151908697363,0.005509641873278237,0.003148366784730421,0.0015741833923652105,0.09641873278236915,0.03345139708776072,0.17552144824872098,0.0035419126328217238,0.032270759543486814,0.03974813065722157,0.03778040141676505,0.05430932703659976
118,Thistletown-Beaumond Heights(3),0.642962962962963,0.35703703703703704,0.25234567901234567,0.010864197530864197,0.16246913580246913,0.030123456790123456,0.06518518518518518,0.037530864197530864,0.011851851851851851,0.024691358024691357,0.003950617283950617,0.0014814814814814814,0.13636363636363635,0.042490118577075096,0.09189723320158102,0.12648221343873517,0.023715415019762844,0.08992094861660078,0.04841897233201581,0.08102766798418973,0.06422924901185771,0.001976284584980237,0.003952569169960474,0.0,0.039525691699604744,0.014822134387351778,0.05434782608695652,0.0,0.05928853754940711,0.01383399209486166,0.03557312252964427,0.02865612648221344
119,Thorncliffe Park(55),0.7913168625569681,0.20844327176781002,0.47229551451187335,0.02086831374430319,0.05349004557447829,0.0721995682417846,0.014631806188534421,0.03286159750539698,0.004557447829215639,0.0861117774046534,0.006236507555768769,0.000959462700887503,0.061837455830388695,0.03356890459363958,0.08775029446407538,0.11189634864546526,0.026501766784452298,0.05005889281507656,0.04770318021201413,0.08598351001177856,0.07656065959952886,0.0,0.0035335689045936395,0.0,0.061837455830388695,0.028268551236749116,0.09658421672555949,0.001177856301531213,0.08186101295641932,0.013545347467608953,0.04240282685512368,0.030624263839811542
120,Trinity-Bellwoods(81),0.29698089956869994,0.7030191004313001,0.01725200246457178,0.1987060998151571,0.019716574245224893,0.00862600123228589,0.01170671595810228,0.004004929143561306,0.010166358595194085,0.0030807147258163892,0.004004929143561306,0.004929143561306223,0.042309606769537086,0.019910403185664508,0.02140368342458935,0.0781483325037332,0.07217521154803384,0.041314086610253854,0.08013937282229965,0.07964161274265803,0.11398705823792932,0.003484320557491289,0.001991040318566451,0.003484320557491289,0.051767048282727726,0.022399203583872575,0.1672473867595819,0.0014932802389248383,0.0428073668491787,0.0587356893977103,0.04529616724738676,0.03832752613240418
121,University(79),0.3303370786516854,0.6696629213483146,0.05917602996254682,0.1250936329588015,0.02696629213483146,0.020973782771535582,0.017977528089887642,0.00599250936329588,0.01198501872659176,0.00599250936329588,0.024719101123595506,0.015730337078651686,0.023809523809523808,0.026077097505668934,0.022675736961451247,0.0691609977324263,0.06802721088435375,0.04081632653061224,0.17687074829931973,0.06575963718820861,0.08616780045351474,0.0022675736961451248,0.0022675736961451248,0.0045351473922902496,0.05895691609977324,0.018140589569160998,0.14965986394557823,0.0,0.030612244897959183,0.05102040816326531,0.04308390022675737,0.032879818594104306
122,Victoria Village(43),0.5909223159732324,0.4093686354378819,0.17369799243526332,0.04247890602269421,0.12074483561245272,0.07215594995635728,0.025021821355833578,0.0622636019784696,0.005528076811172534,0.04189700320046552,0.009310445155659005,0.0043642711667151585,0.06445993031358885,0.025551684088269456,0.04065040650406504,0.13066202090592335,0.03077816492450639,0.05981416957026713,0.06329849012775841,0.11498257839721254,0.06329849012775841,0.0011614401858304297,0.0011614401858304297,0.0011614401858304297,0.09175377468060394,0.023228803716608595,0.07897793263646923,0.0,0.062137049941927994,0.017421602787456445,0.04645760743321719,0.03832752613240418
123,Waterfront Communities-The Island(77),0.44033831149039926,0.5595092959463578,0.1026363913441024,0.1374580920451082,0.055623285583663515,0.021030173727522097,0.02141115513562938,0.02194452910697958,0.010286498018896677,0.019811033221578785,0.0160774154221274,0.008457787259981713,0.026217961260027393,0.027196243396595578,0.016826452748972803,0.05810995891215026,0.0625122285267071,0.019565642731363724,0.05263157894736842,0.0662297006456662,0.06045783603991391,0.0036196439053022894,0.004891410682840931,0.0003913128546272745,0.18929759342594404,0.03179416943846605,0.23987477988651928,0.004891410682840931,0.032087654079436506,0.028761494815104677,0.024848366268831933,0.03619643905302289
124,West Hill(136),0.6333456973293768,0.36665430267062316,0.18768545994065283,0.0254080118694362,0.21643175074183976,0.08642433234421365,0.020586053412462908,0.004265578635014837,0.007974777448071216,0.018916913946587538,0.002967359050445104,0.002040059347181009,0.07824427480916031,0.03435114503816794,0.05267175572519084,0.12061068702290076,0.02251908396946565,0.06374045801526718,0.06679389312977099,0.11564885496183207,0.07290076335877863,0.0007633587786259542,0.004198473282442748,0.0007633587786259542,0.06450381679389312,0.022137404580152672,0.057633587786259544,0.0007633587786259542,0.0816793893129771,0.009923664122137405,0.04351145038167939,0.03282442748091603
125,West Humber-Clairville(1),0.8192459714198844,0.1806020066889632,0.4232289449680754,0.014290057768318638,0.19033140772271206,0.04910307084220128,0.039525691699604744,0.007297050775311645,0.014898145332927942,0.009121313469139556,0.0018242626938279112,0.0018242626938279112,0.15891255605381166,0.037836322869955155,0.09501121076233184,0.1132286995515695,0.02242152466367713,0.057455156950672645,0.049047085201793725,0.09332959641255606,0.06698430493273543,0.0011210762331838565,0.002522421524663677,0.0011210762331838565,0.04232062780269058,0.016535874439461883,0.05409192825112107,0.001961883408071749,0.07202914798206278,0.018778026905829595,0.0397982062780269,0.0257847533632287
126,Westminster-Branson(35),0.44850689127105664,0.5516845329249617,0.027565084226646247,0.02967075038284839,0.04019908116385911,0.22932618683001532,0.017228177641653904,0.010336906584992343,0.004594180704441042,0.032542113323124046,0.0354134762633997,0.004019908116385911,0.1092526690391459,0.03238434163701068,0.04448398576512456,0.10533807829181495,0.019572953736654804,0.05765124555160142,0.05338078291814947,0.1309608540925267,0.0693950177935943,0.002135231316725979,0.003202846975088968,0.0007117437722419929,0.044839857651245554,0.02099644128113879,0.08327402135231317,0.0017793594306049821,0.06227758007117438,0.021708185053380784,0.07081850533807829,0.024199288256227757
127,Weston(113),0.6081424936386769,0.391574780887758,0.043256997455470736,0.01894260672886627,0.3418150975402884,0.03336160588068985,0.07859768165111676,0.006785411365564037,0.031099802092168505,0.008199038733389879,0.004240882103477523,0.0036754311563471868,0.09917355371900827,0.03415977961432507,0.06611570247933884,0.1118457300275482,0.027548209366391185,0.09421487603305785,0.051790633608815424,0.10798898071625344,0.06501377410468319,0.0,0.0011019283746556473,0.001652892561983471,0.04242424242424243,0.02534435261707989,0.05289256198347107,0.0022038567493112946,0.0765840220385675,0.01652892561983471,0.0534435261707989,0.031955922865013774
128,Weston-Pelham Park(91),0.37979251240414974,0.6211096075778079,0.03698691926026162,0.02571041948579161,0.11321605773567885,0.028416779431664412,0.07036535859269283,0.007216959855660803,0.044654939106901215,0.0027063599458728013,0.0009021199819576004,0.0027063599458728013,0.08053691275167785,0.022651006711409395,0.04194630872483222,0.1098993288590604,0.03271812080536913,0.1266778523489933,0.06543624161073826,0.09060402684563758,0.08137583892617449,0.0,0.0016778523489932886,0.0025167785234899327,0.04278523489932886,0.02097315436241611,0.07298657718120806,0.0,0.08137583892617449,0.02097315436241611,0.047818791946308725,0.03271812080536913
129,Wexford/Maryvale(119),0.5549101470321293,0.44545289526229803,0.15229624251225268,0.06934107823561445,0.0746051915048103,0.12361590125249591,0.021782537665638046,0.04302051188963514,0.0078054093301869664,0.01942276275186059,0.006897803594118715,0.0025412960609911056,0.08057202650854552,0.03383327520055807,0.058597837460760374,0.11719567492152075,0.028950122078828043,0.06836414370422043,0.06208580397628183,0.10324380885943495,0.07568887338681549,0.0006975933031042902,0.0055807464248343215,0.0010463899546564353,0.06941053365887688,0.025810952214858737,0.06557377049180328,0.003487966515521451,0.06906173700732474,0.01918381583536798,0.048831531217300314,0.03383327520055807
130,Willowdale East(51),0.7504725897920604,0.2496269027957417,0.0671574967664909,0.3378768281763009,0.022584817431101384,0.016814247338573278,0.01641627698736444,0.026266043179783108,0.0076609292607700726,0.11909262759924386,0.10456670978012138,0.013232514177693762,0.0481994459833795,0.039519852262234534,0.021606648199445983,0.08494921514312095,0.029547553093259463,0.028808864265927978,0.0703601108033241,0.09492151431209603,0.0494921514312096,0.0018467220683287165,0.006278855032317636,0.0007386888273314866,0.1427516158818098,0.03970452446906741,0.1713758079409049,0.0035087719298245615,0.034533702677747,0.012742382271468145,0.03748845798707295,0.04081255771006464
131,Willowdale West(37),0.5776844631073785,0.42231553689262147,0.05158968206358728,0.21925614877024596,0.013197360527894421,0.015896820635872826,0.011397720455908818,0.011397720455908818,0.010197960407918417,0.10377924415116976,0.11577684463107378,0.008698260347930415,0.04759141033081834,0.03656413232733604,0.02089378990133488,0.09402205455600697,0.038885664538595474,0.03424260011607661,0.08821822402785838,0.08473592571096925,0.04875217643644805,0.0011607661056297156,0.0046430644225188625,0.0,0.118398142774231,0.0330818340104469,0.16598955310504934,0.00522344747533372,0.03656413232733604,0.01625072547881602,0.03656413232733604,0.04410911201392919
132,Willowridge-Martingrove-Richview(7),0.400451467268623,0.599097065462754,0.10564334085778782,0.023250564334085778,0.13363431151241534,0.029119638826185103,0.042212189616252824,0.006094808126410835,0.004966139954853273,0.006772009029345372,0.01851015801354402,0.004063205417607223,0.09107635694572216,0.045078196872125116,0.06439742410303588,0.10579576816927323,0.015639374425023,0.08095676172953081,0.08233670653173873,0.08233670653173873,0.04323827046918123,0.0009199632014719411,0.004599816007359705,0.0009199632014719411,0.07681692732290708,0.023459061637534497,0.0827966881324747,0.003219871205151794,0.05979760809567617,0.022999080036798528,0.046918123275068994,0.03357865685372585
133,Woburn(137),0.7642675219318932,0.2357324780681068,0.40647108763324213,0.07008772757287049,0.11008395434392981,0.07716253183661918,0.014055277803980757,0.011508348269031224,0.00594283558154891,0.024903311008395435,0.003961890387699274,0.0018866144703329874,0.1112214498510427,0.03892750744786495,0.04865938430983118,0.11678252234359483,0.028003972194637537,0.0407149950347567,0.04925521350546177,0.10208540218470705,0.08341608738828203,0.0007944389275074479,0.004369414101290963,0.00039721946375372393,0.06573982125124131,0.017676266137040715,0.07189672293942403,0.0019860973187686196,0.08897715988083416,0.009731876861966237,0.04051638530287984,0.031777557100297914
134,Woodbine Corridor(64),0.27181342983514273,0.72778447929232,0.04905508644953759,0.08242862887012464,0.06232408524326498,0.01889827100924809,0.011258544431041415,0.003216726980297547,0.006031363088057901,0.0024125452352231603,0.004020908725371934,0.008041817450743867,0.039202200825309494,0.021320495185694635,0.021320495185694635,0.07977991746905089,0.07771664374140302,0.04264099037138927,0.11898211829436038,0.0859697386519945,0.06052269601100413,0.001375515818431912,0.001375515818431912,0.001375515818431912,0.07909215955983494,0.024759284731774415,0.13480055020632736,0.001375515818431912,0.041953232462173314,0.039889958734525444,0.04332874828060523,0.05845942228335626
135,Woodbine-Lumsden(60),0.31019108280254776,0.6898089171974522,0.04394904458598726,0.0929936305732484,0.06050955414012739,0.03694267515923567,0.019745222929936305,0.005732484076433121,0.0070063694267515925,0.003821656050955414,0.008280254777070064,0.008917197452229299,0.03837953091684435,0.01812366737739872,0.054371002132196165,0.10554371002132196,0.053304904051172705,0.05650319829424307,0.09275053304904052,0.10021321961620469,0.04797441364605544,0.0021321961620469083,0.0042643923240938165,0.0,0.0906183368869936,0.013859275053304905,0.10980810234541578,0.0021321961620469083,0.04584221748400853,0.03837953091684435,0.04797441364605544,0.0628997867803838
136,Wychwood(94),0.2743396226415094,0.7249056603773585,0.019245283018867923,0.06075471698113208,0.06528301886792452,0.03320754716981132,0.033584905660377355,0.007169811320754717,0.012452830188679246,0.004150943396226415,0.010188679245283019,0.004528301886792453,0.041296060991105464,0.029224904701397714,0.027318932655654382,0.08132147395171538,0.060991105463786534,0.044472681067344345,0.11626429479034307,0.09275730622617535,0.08195679796696315,0.0025412960609911056,0.0038119440914866584,0.0012706480304955528,0.05273189326556544,0.0241423125794155,0.13468869123252858,0.0038119440914866584,0.048284625158831,0.042566709021601014,0.04955527318932656,0.04637865311308768
137,Yonge-Eglinton(100),0.2672596357475646,0.7327403642524354,0.037695891571368066,0.08301567132570944,0.024989411266412537,0.02456586192291402,0.018636171113934775,0.008894536213468869,0.0063532401524777635,0.018212621770436255,0.021177467174925878,0.009741634900465904,0.030716723549488054,0.029351535836177476,0.014334470989761093,0.06825938566552901,0.05187713310580205,0.029351535836177476,0.10170648464163823,0.09965870307167235,0.04368600682593857,0.0013651877133105802,0.0034129692832764505,0.0020477815699658703,0.10443686006825939,0.030716723549488054,0.21160409556313994,0.0061433447098976105,0.03822525597269624,0.03890784982935153,0.03549488054607509,0.03617747440273038
138,Yonge-St.Clair(97),0.20772357723577237,0.791869918699187,0.04552845528455285,0.046747967479674794,0.019105691056910568,0.01869918699186992,0.013008130081300813,0.01016260162601626,0.0040650406504065045,0.015447154471544716,0.01097560975609756,0.00934959349593496,0.0227125243348475,0.02465931213497729,0.01427644386761843,0.07722258273848151,0.05515898767034393,0.026606099935107073,0.09214795587280987,0.08695652173913043,0.05515898767034393,0.001946787800129786,0.003893575600259572,0.0025957170668397143,0.12394548994159636,0.040882543802725504,0.19662556781310836,0.009085009733939001,0.031148604802076575,0.03244646333549643,0.04931862426995458,0.03309539260220636
139,York University Heights(27),0.6940515052593399,0.3057671381936888,0.15161407326804496,0.0544069640914037,0.18879216539717084,0.09593761334784186,0.06401886108088502,0.010155966630395358,0.049873050417120056,0.021944142183532824,0.014145810663764961,0.001088139281828074,0.1325910931174089,0.042172739541160596,0.050944669365722,0.11403508771929824,0.02125506072874494,0.07253711201079623,0.06309041835357625,0.08333333333333333,0.07894736842105263,0.0020242914979757085,0.003036437246963563,0.0006747638326585695,0.04520917678812416,0.022267206477732792,0.06342780026990553,0.001349527665317139,0.06815114709851552,0.016531713900134953,0.04554655870445344,0.028677462887989204
140,Yorkdale-Glen Park(31),0.4518888096935139,0.5484675694939416,0.0616535994297933,0.06058446186742694,0.10406272273699216,0.07911617961511047,0.05060584461867427,0.003563791874554526,0.038132573057733425,0.003563791874554526,0.003920171062009979,0.002851033499643621,0.08350586611456176,0.037267080745341616,0.043478260869565216,0.10420979986197378,0.018633540372670808,0.0862663906142167,0.07177363699102829,0.08971704623878538,0.06418219461697723,0.0013802622498274672,0.0027605244996549345,0.0013802622498274672,0.07246376811594203,0.03243616287094548,0.07177363699102829,0.0,0.07177363699102829,0.015873015873015872,0.06970324361628709,0.03036576949620428
